,Jan,Feb,Mar,Apr,May,Jun,Jul,Aug,Sep,Oct,Nov,Dec,latitude,longitude,town,country
0,11.3,12.66,13.59,15.29,19.32,23.25,26.31,26.63,23.66,19.62,14.99,12.99,39.06956,-0.4098,Carcaixent,España
1,9.67,10.48,12.25,14.01,16.56,19.19,20.99,20.97,19.41,16.36,12.17,10.41,42.64159,-8.89696,Boiro,España
2,5.22,6.17,8.84,11.27,14.62,18.4,19.91,19.96,17.3,13.86,8.55,6.17,42.90715,0.35921,Arreau,France
3,11.41,12.96,14.2,16.21,20.07,23.99,26.89,26.89,24.03,19.88,15.27,12.87,38.39479,-0.41007,el Campello,España
4,10.81,10.98,12.04,13.02,15.09,17.34,18.92,19.42,18.53,16.41,13.12,11.68,43.37179,-8.44443,A Coruña,España
5,10.57,11.81,14.23,16.68,20.55,25.09,27.47,27.33,23.78,19.69,14.25,10.93,40.72556,0.72158,Deltebre,España
6,7.11,8.16,10.63,13.15,16.82,21.52,23.89,23.78,20.24,16.68,11.35,7.98,41.81417,2.52043,Arbúcies,España
7,10.84,11.0,12.71,15.07,18.56,23.09,26.13,26.57,23.06,19.52,15.13,12.24,39.75402,9.6713,Cardedu,Italia
8,5.5,8.11,11.78,14.97,19.31,24.24,26.48,25.88,21.67,16.9,10.21,5.9,41.78121,1.27773,Guissona,España
9,3.09,4.3,5.93,9.34,13.13,15.54,17.84,18.38,14.34,11.36,7.02,2.92,51.28586,4.50299,Brasschaat,België / Belgique / Belgien
10,5.5,8.11,11.78,14.97,19.31,24.24,26.48,25.88,21.67,16.9,10.21,5.9,41.67803,1.28364,Cervera,España
11,4.97,5.73,8.37,11.17,14.58,18.47,20.16,19.93,16.68,12.89,8.38,5.5,47.065,0.31783,Champigny-sur-Veude,France
12,4.77,5.79,8.82,12.27,15.83,19.68,21.73,20.88,17.31,13.69,8.47,5.16,45.05802,1.65895,Collonges-la-Rouge,France
13,4.82,5.89,9.01,11.95,15.22,19.3,20.94,20.65,17.23,13.77,8.6,5.77,44.77714,1.00682,Pays de Belvès,France
14,4.77,5.79,8.82,12.27,15.83,19.68,21.73,20.88,17.31,13.69,8.47,5.16,45.05397,1.58078,Turenne,France
15,1.51,2.38,5.78,10.51,14.71,18.86,20.4,19.88,15.16,10.61,6.22,3.08,51.04677,13.74581,Dresden,Deutschland
16,-0.54,-0.46,0.68,2.77,6.54,9.85,12.98,12.58,10.08,5.58,2.99,0.88,68.30725,13.65136,Vestvågøy,Norge
17,9.51,10.61,12.91,15.16,18.72,23.09,25.63,25.68,22.49,18.55,13.32,10.23,41.17643,1.32661,el Catllar,España
18,9.51,10.61,12.91,15.16,18.72,23.09,25.63,25.68,22.49,18.55,13.32,10.23,41.12671,0.73375,el Masroig,España
19,-0.75,0.28,3.83,8.03,12.24,16.43,17.58,17.14,12.92,9.04,3.81,0.45,47.72945,10.31922,Kempten (Allgäu),Deutschland
20,0.79,1.84,4.74,9.84,14.42,18.19,19.78,19.34,14.93,10.16,5.5,2.13,52.45926,13.58558,Berlin,Deutschland
21,9.51,10.61,12.91,15.16,18.72,23.09,25.63,25.68,22.49,18.55,13.32,10.23,41.41435,1.1727,Solivella,España
22,4.18,9.0,10.06,12.57,17.93,22.62,25.49,25.1,20.74,16.0,9.58,6.92,42.2381,0.96624,la Pobla de Segur,España
23,3.05,2.8,4.15,6.45,11.1,15.24,17.45,16.94,14.01,9.57,6.32,3.96,59.04898,10.03346,Larvik,Norge
24,4.95,5.71,8.15,10.35,13.52,17.34,19.14,19.27,16.62,13.17,8.34,5.64,43.03665,-2.33781,Legazpi,España
25,6.1,6.01,7.28,9.29,11.8,14.55,16.6,16.34,15.04,12.56,9.27,6.98,49.4851,-1.37337,Saint-Floxel,France
26,7.11,8.16,10.63,13.15,16.82,21.52,23.89,23.78,20.24,16.68,11.35,7.98,41.92158,2.32174,Sant Julià de Vilatorta,España
27,7.11,8.16,10.63,13.15,16.82,21.52,23.89,23.78,20.24,16.68,11.35,7.98,41.62198,2.68943,Pineda de Mar,España
28,6.93,9.06,10.04,13.32,18.28,23.05,26.32,25.29,21.68,16.83,12.14,8.73,41.88505,12.38906,Roma,Italia
29,9.59,9.72,11.32,12.71,14.99,17.8,19.7,20.14,18.49,16.41,12.51,10.64,43.44705,-3.72811,Ribamontán al Mar,España
30,5.35,6.76,9.67,13.03,16.55,20.49,22.81,22.4,18.93,14.69,9.3,6.1,44.15179,1.75121,Saint-Antonin-Noble-Val,France
31,6.54,6.73,8.28,10.37,13.09,15.97,17.77,17.57,15.93,13.13,9.68,7.03,48.64347,-1.99403,Saint-Malo,France
32,5.22,6.17,8.84,11.27,14.62,18.4,19.91,19.96,17.3,13.86,8.55,6.17,42.82247,0.32309,Saint-Lary-Soulan,France
33,7.11,8.16,10.63,13.15,16.82,21.52,23.89,23.78,20.24,16.68,11.35,7.98,42.23567,2.28421,Sant Joan de les Abadesses,España
34,7.16,8.1,11.18,14.46,18.46,23.12,25.34,24.79,20.81,17.01,11.76,8.17,43.68666,5.7117,Saint-Paul-lès-Durance,France
35,7.11,8.16,10.63,13.15,16.82,21.52,23.89,23.78,20.24,16.68,11.35,7.98,41.80704,2.74448,Sils,España
36,-0.18,1.64,5.77,10.08,13.61,17.87,19.53,18.8,14.95,10.56,4.97,0.9,45.6263,7.06263,Valgrisenche,Italia
37,1.05,4.07,7.06,10.84,15.18,19.99,22.28,21.19,16.91,12.3,5.25,0.07,45.59389,7.20708,Valsavarenche,Italia
38,2.93,4.07,7.27,11.33,14.69,18.87,20.84,19.89,16.42,12.3,6.97,3.79,46.77409,5.52248,Arlay,France
39,8.71,10.69,12.87,15.32,20.33,25.33,29.09,28.44,23.28,18.82,12.46,10.16,37.59001,-4.08879,Alcaudete,España
40,1.0,1.46,3.64,7.79,12.25,15.76,17.85,17.45,13.77,9.63,5.57,2.35,54.31272,13.09759,Stralsund,Deutschland
41,7.87,8.59,10.89,13.96,17.63,21.6,24.33,24.02,20.64,16.6,12.01,8.67,43.96318,6.66433,Annot,France
42,4.06,5.23,8.14,11.11,14.78,18.88,20.62,20.43,16.51,12.99,8.1,5.05,45.58797,3.11329,Champeix,France
43,9.51,10.61,12.91,15.16,18.72,23.09,25.63,25.68,22.49,18.55,13.32,10.23,41.39847,1.10464,l'Espluga de Francolí,España
44,1.16,2.34,5.19,8.25,11.6,16.22,18.7,18.43,14.43,10.52,5.68,2.95,44.72299,3.85396,Langogne,France
45,9.51,10.61,12.91,15.16,18.72,23.09,25.63,25.68,22.49,18.55,13.32,10.23,41.16679,1.45677,Creixell,España
46,7.51,7.95,9.56,10.98,13.43,16.31,18.08,18.32,16.93,13.95,9.92,8.37,42.76222,-8.25611,Vila de Cruces,España
47,7.66,9.74,11.8,14.41,17.79,20.65,23.49,23.15,20.33,16.06,10.69,8.7,42.44155,-7.79195,A Peroxa,España
48,5.03,7.56,10.21,12.28,16.3,19.79,22.97,22.18,18.78,14.18,8.63,6.05,42.38907,-7.11513,A Rúa,España
49,3.13,4.49,6.61,10.17,13.67,17.47,18.76,18.54,15.08,11.54,7.27,3.69,50.76145,6.10291,Aachen,Deutschland
50,12.21,13.11,14.72,16.67,19.7,23.06,25.71,26.43,23.84,20.32,15.78,13.32,37.15425,-2.77737,Abla,España
51,7.51,7.95,9.56,10.98,13.43,16.31,18.08,18.32,16.93,13.95,9.92,8.37,42.75889,-8.02111,Agolada,España
52,3.55,4.97,7.38,9.84,14.05,19.17,21.98,20.99,16.97,12.6,6.96,4.42,41.84743,-1.93007,Ágreda,España
53,3.54,4.74,7.51,9.81,13.72,18.22,20.74,20.57,16.99,12.52,6.97,4.46,42.7863,-4.25724,Aguilar de Campoo,España
54,7.26,8.3,11.11,14.06,17.89,22.35,24.6,24.09,20.3,16.52,11.5,8.09,43.56522,4.19645,Aigues-Mortes,France
55,10.91,12.62,15.17,17.62,21.82,25.82,28.25,28.31,24.82,20.69,14.81,12.04,38.03745,-5.71036,Alanís,España
56,2.6,6.09,7.87,10.37,15.38,20.22,23.34,22.55,17.88,13.27,7.53,5.17,41.12133,-0.50825,Albalate del Arzobispo,España
57,6.16,8.31,11.28,14.26,19.22,25.03,28.37,27.56,22.44,16.76,10.17,7.03,39.38959,-3.21934,Alcázar de San Juan,España
58,9.51,10.61,12.91,15.16,18.72,23.09,25.63,25.68,22.49,18.55,13.32,10.23,41.26326,1.1729,Alcover,España
59,3.18,2.93,3.73,5.79,8.87,11.7,13.94,14.3,12.23,8.98,6.19,4.05,62.47643,6.15842,Ålesund,Norge
60,6.6,8.33,11.11,14.24,18.21,23.06,25.42,25.07,21.2,16.55,10.69,7.0,41.43594,-1.23827,Alfamén,España
61,-1.16,0.86,3.98,8.29,13.58,18.01,18.18,18.55,13.28,9.65,3.82,0.27,48.22077,11.62534,München,Deutschland
62,12.21,13.11,14.72,16.67,19.7,23.06,25.71,26.43,23.84,20.32,15.78,13.32,36.69709,-2.79397,El Ejido,España
63,0.88,1.61,4.47,8.67,12.65,16.2,17.87,17.44,13.32,9.47,5.16,1.91,50.74863,9.27856,Alsfeld,Deutschland
64,-7.11,-7.14,-3.54,0.98,5.91,10.34,13.99,12.61,8.72,2.85,-2.14,-4.74,69.98899,23.48611,Alta,Norge
65,2.21,4.31,8.44,12.84,16.97,21.88,23.86,23.24,18.72,13.29,7.65,2.95,45.78528,8.44087,Vacciago,Italia
66,2.42,3.97,6.43,10.39,14.52,18.49,19.65,19.62,15.21,11.15,6.77,3.6,49.24773,6.13846,Hagondange,France
67,7.89,8.54,10.68,13.3,16.29,19.56,21.63,21.46,19.31,16.13,11.66,8.83,44.74496,-1.11095,Andernos-les-Bains,France
68,2.6,6.09,7.87,10.37,15.38,20.22,23.34,22.55,17.88,13.27,7.53,5.17,40.98399,-0.44725,Andorra,España
69,12.17,13.07,14.59,16.64,19.77,23.6,25.95,26.44,23.67,19.76,15.41,13.16,37.0213,-4.57154,Antequera,España
70,4.61,5.58,8.37,12.23,16.85,22.0,24.67,24.16,18.37,14.09,9.6,5.97,43.5595,12.42003,Apecchio,Italia
71,3.54,4.74,7.51,9.81,13.72,18.22,20.74,20.57,16.99,12.52,6.97,4.46,41.67026,-3.69273,Aranda de Duero,España
72,4.6,6.36,8.8,12.66,16.51,21.32,24.51,23.94,19.16,14.19,9.67,5.78,43.47195,11.88764,Arezzo,Italia
73,5.41,6.48,9.39,11.75,15.23,19.61,21.47,21.69,18.69,14.79,9.16,5.98,42.17361,-1.59155,Arguedas,España
74,6.03,7.07,9.89,12.47,16.25,20.76,22.74,22.55,19.08,14.82,9.48,6.37,42.21404,-2.23987,Arnedillo,España
75,3.44,5.0,7.12,10.03,13.48,16.64,18.3,18.17,15.38,11.92,7.49,4.11,50.29442,2.78836,Saint-Laurent-Blangy,France
76,6.16,6.66,7.75,9.27,12.51,15.59,17.76,17.53,16.58,14.46,9.61,6.39,49.33906,-0.6258,Arromanches-les-Bains,France
77,6.03,7.07,9.89,12.47,16.25,20.76,22.74,22.55,19.08,14.82,9.48,6.37,42.58921,-2.0957,Arróniz,España
78,5.22,6.17,8.84,11.27,14.62,18.4,19.91,19.96,17.3,13.86,8.55,6.17,42.87507,-0.39439,Laruns,France
79,8.35,9.16,10.86,12.35,14.87,17.6,19.35,19.58,18.16,15.05,10.79,9.09,42.08722,-8.41389,As Neves,España
80,6.14,7.24,8.92,11.12,14.15,17.07,18.98,19.07,16.91,13.66,9.12,7.58,42.81034,-7.10733,As Nogais,España
81,10.57,11.81,14.23,16.68,20.55,25.09,27.47,27.33,23.78,19.69,14.25,10.93,41.18698,0.56835,Ascó,España
82,3.28,4.89,7.72,10.16,14.05,18.6,20.76,20.41,17.14,12.3,6.88,4.19,42.45136,-6.06599,Astorga,España
83,5.46,6.45,9.25,12.18,15.76,19.77,21.69,21.5,18.28,14.45,9.08,6.2,43.63736,0.58601,Auch,France
84,6.05,6.45,8.14,10.75,13.45,16.65,18.78,17.92,15.9,12.97,9.02,6.63,47.66396,-2.97342,Auray,France
85,2.28,4.17,8.1,12.65,16.0,20.3,22.0,21.03,17.31,12.67,6.77,2.88,45.0518,6.07838,Auris,France
86,3.23,4.41,7.2,10.67,14.48,18.6,20.35,19.84,15.81,12.04,7.19,4.12,46.95545,4.3163,Autun,France
87,1.07,4.4,7.29,11.63,15.78,20.92,22.97,21.9,17.75,13.05,6.53,1.49,45.07324,7.39034,Avigliana,Italia
88,4.97,5.73,8.37,11.17,14.58,18.47,20.16,19.93,16.68,12.89,8.38,5.5,47.21286,0.17715,Avoine,France
89,6.03,7.07,9.89,12.47,16.25,20.76,22.74,22.55,19.08,14.82,9.48,6.37,42.65421,-2.0455,Iratxe,España
90,-0.3,1.26,3.68,5.47,11.39,18.0,17.78,17.72,13.47,9.83,4.16,0.84,50.31196,9.79737,Bad Brückenau,Deutschland
91,8.87,10.73,13.62,16.04,20.4,24.65,26.98,27.02,23.72,18.8,12.85,9.8,38.88471,-6.97873,Badajoz,España
92,2.21,3.24,6.25,10.21,14.25,18.17,19.48,19.01,14.91,10.87,6.14,3.21,48.78174,8.20428,Baden-Baden,Deutschland
93,8.71,10.69,12.87,15.32,20.33,25.33,29.09,28.44,23.28,18.82,12.46,10.16,37.99629,-3.45957,Baeza,España
94,5.22,6.17,8.84,11.27,14.62,18.4,19.91,19.96,17.3,13.86,8.55,6.17,43.0733,0.15366,Bagnères-de-Bigorre,France
95,1.69,3.3,6.98,10.99,14.48,18.87,20.81,20.13,15.82,11.35,6.1,2.5,45.97138,6.0312,Dalmaz,France
96,-0.74,1.18,4.94,10.23,14.35,18.93,20.65,19.81,15.08,10.12,5.34,0.28,46.22619,14.70403,Kamnik,Slovenija
97,0.81,1.68,4.95,9.59,13.92,17.77,19.08,18.53,13.95,9.57,5.0,1.89,49.88608,10.90295,Bamberg,Deutschland
98,9.84,10.08,11.54,12.81,15.24,17.85,19.56,19.84,18.53,15.79,12.15,10.63,43.33976,-8.35468,Oleiros,España
99,-4.3,-3.86,-1.96,1.51,5.8,9.87,10.89,11.26,7.7,5.41,1.03,-2.75,47.67176,12.01018,Bayrischzell,Deutschland
100,2.76,3.86,7.31,10.88,14.65,18.98,20.74,20.27,16.37,11.83,6.63,3.62,47.01776,4.83685,Beaune,France
101,6.14,7.24,8.92,11.12,14.15,17.07,18.98,19.07,16.91,13.66,9.12,7.58,42.85283,-7.15322,Becerreá,España
102,5.57,6.57,9.95,13.76,17.65,22.34,24.9,23.74,19.5,15.39,9.71,6.05,44.12493,5.17239,Bédoin,France
103,1.74,4.01,8.27,12.65,16.45,20.62,22.38,21.41,17.49,12.32,6.77,1.91,46.20135,9.01748,Bellinzona,Schweiz/Suisse/Svizzera/Svizra
104,5.53,7.7,9.1,11.76,18.23,24.56,26.54,24.81,21.62,16.81,10.72,6.15,46.13766,12.2141,Belluno,Italia
105,9.51,10.61,12.91,15.16,18.72,23.09,25.63,25.68,22.49,18.55,13.32,10.23,41.24624,1.56985,Bellvei,España
106,10.39,11.41,13.57,15.81,19.43,23.66,26.32,26.53,23.4,19.46,14.24,11.27,39.70905,-1.10108,Benagéber,España
107,4.95,5.71,8.15,10.35,13.52,17.34,19.14,19.27,16.62,13.17,8.34,5.64,43.1034,-2.42424,Bergara,España
108,5.36,6.21,9.18,12.09,15.77,19.66,21.34,20.84,17.37,13.83,8.89,5.9,44.87108,0.50389,Bergerac,France
109,9.24,9.73,11.87,13.61,16.28,19.52,21.35,21.71,19.82,17.14,12.48,10.34,43.4233,-2.72611,Bermeo,España
110,5.84,6.85,9.78,12.59,15.88,19.68,21.38,21.32,18.12,14.33,9.19,6.51,44.36954,-0.24272,Bernos-Beaulac,France
111,5.41,6.48,9.39,11.75,15.23,19.61,21.47,21.69,18.69,14.79,9.16,5.98,42.84038,-1.6652,Berriozar,España
112,10.39,11.41,13.57,15.81,19.43,23.66,26.32,26.53,23.4,19.46,14.24,11.27,39.57951,-0.44537,Bétera,España
113,8.23,8.94,10.99,12.94,15.54,18.64,20.55,20.74,18.78,16.17,11.54,9.38,43.4659,-1.57174,Biarritz,France
114,10.39,11.41,13.57,15.81,19.43,23.66,26.32,26.53,23.4,19.46,14.24,11.27,39.13286,-0.79065,Bicorp,España
115,2.65,3.63,6.85,11.11,15.06,18.74,20.22,19.72,15.55,11.08,6.68,3.51,49.96882,7.94462,Bingen am Rhein,Deutschland
116,7.84,8.57,10.68,13.12,16.05,19.15,21.24,21.09,19.21,16.03,11.49,8.76,44.45887,-1.24529,La Teste-de-Buch,France
117,-1.76,-0.95,2.29,6.94,11.31,15.2,16.45,16.06,11.78,7.54,2.85,-0.56,50.0537,11.7935,Rangen,Deutschland
118,6.14,7.24,8.92,11.12,14.15,17.07,18.98,19.07,16.91,13.66,9.12,7.58,43.42094,-6.8145,El Serredo,España
119,3.28,4.89,7.72,10.16,14.05,18.6,20.76,20.41,17.14,12.3,6.88,4.19,42.87276,-5.32588,Boñar,España
120,5.52,6.67,9.62,12.54,16.15,20.16,22.11,21.64,18.45,14.54,9.3,6.28,44.17784,0.66167,Boé,France
121,2.21,3.24,6.25,10.21,14.25,18.17,19.48,19.01,14.91,10.87,6.14,3.21,48.68872,8.1292,Bühl,Deutschland
122,1.03,4.81,8.68,13.0,17.02,22.92,24.11,23.04,18.85,12.94,6.36,1.39,46.47317,11.33717,Bolzano - Bozen,Italia
123,2.38,3.34,6.31,9.3,12.78,16.96,18.9,18.33,14.63,11.43,6.32,3.62,45.39896,2.49721,Bort-les-Orgues,France
124,5.25,5.48,7.18,9.75,12.5,15.2,17.33,17.63,15.91,13.07,9.09,6.37,50.74415,1.59751,Boulogne-sur-Mer,France
125,4.28,5.11,8.2,11.36,14.87,19.04,20.69,20.37,16.72,12.8,7.8,4.94,47.07638,2.39861,Bourges,France
126,4.78,5.89,8.69,11.18,14.48,18.46,20.04,20.04,16.99,13.5,8.14,5.57,43.17786,0.97461,Boussens,France
127,4.82,5.89,9.01,11.95,15.22,19.3,20.94,20.65,17.23,13.77,8.6,5.77,44.48413,1.644,Bouziès,France
128,-4.17,0.08,2.49,6.7,11.61,16.93,17.92,17.1,12.8,7.96,2.39,-2.35,46.33312,13.53951,Bovec,Slovenija
129,4.66,6.18,8.84,11.11,15.02,19.43,22.02,21.81,18.35,13.35,7.84,5.29,41.80398,-6.74596,Bragança,Portugal
130,4.77,6.89,9.1,11.93,15.58,19.61,21.33,20.99,16.72,13.63,8.1,6.11,45.3791,0.64585,Brantôme en Périgord,France
131,4.77,6.89,9.1,11.93,15.58,19.61,21.33,20.99,16.72,13.63,8.1,6.11,45.36042,0.64791,Brantôme en Périgord,France
132,-11.76,-10.32,-10.27,-7.52,-4.43,0.36,2.67,2.55,-0.59,-3.39,-7.56,-9.38,45.92608,7.62047,Breuil-Cervinia,Italia
133,1.64,1.04,3.19,7.34,11.27,14.48,17.85,14.89,13.01,10.41,3.93,1.1,44.00515,2.69351,Broquiès,France
134,6.13,7.05,9.79,12.67,16.05,19.6,21.4,21.03,18.12,14.47,9.81,6.86,45.33291,-0.04577,Brossac,France
135,5.13,7.39,9.8,12.59,17.58,23.15,26.42,25.41,20.46,15.22,9.04,6.41,40.36809,-2.76267,Garcinarro,España
136,9.68,10.11,12.32,15.15,19.2,24.07,26.91,26.78,22.95,19.25,14.38,10.93,39.40275,8.40184,Bugerru/Buggerru,Italia
137,6.14,7.24,8.92,11.12,14.15,17.07,18.98,19.07,16.91,13.66,9.12,7.58,43.6532,-7.35838,Burela,España
138,3.54,4.74,7.51,9.81,13.72,18.22,20.74,20.57,16.99,12.52,6.97,4.46,42.35139,-3.68056,Burgos,España
139,12.21,13.11,14.72,16.67,19.7,23.06,25.71,26.43,23.84,20.32,15.78,13.32,36.81611,-2.14961,Níjar,España
140,4.82,5.89,9.01,11.95,15.22,19.3,20.94,20.65,17.23,13.77,8.6,5.77,44.44022,1.4409,Cahors,France
141,7.41,10.18,11.69,13.97,18.24,23.55,25.75,25.72,21.93,17.56,11.82,9.29,41.73494,1.51397,Calaf,España
142,2.6,6.09,7.87,10.37,15.38,20.22,23.34,22.55,17.88,13.27,7.53,5.17,41.35056,-1.64679,Calatayud,España
143,7.4,7.31,8.59,10.54,13.06,15.59,17.46,16.97,15.57,13.38,10.39,8.19,48.2741,-4.60858,Camaret-sur-Mer,France
144,5.22,6.17,8.84,11.27,14.62,18.4,19.91,19.96,17.3,13.86,8.55,6.17,43.01819,0.17829,Campan,France
145,0.87,2.94,7.04,11.72,16.02,20.5,22.07,21.54,16.22,11.7,6.96,1.97,46.09956,14.51606,Ljubljana,Slovenija
146,11.3,12.66,13.59,15.29,19.32,23.25,26.31,26.63,23.66,19.62,14.99,12.99,38.93856,-0.1527,l'Alqueria de la Comtessa,España
147,2.95,3.75,6.69,10.09,13.31,17.52,20.04,19.31,15.9,12.3,7.17,4.07,44.568,2.58947,Campuac,France
148,10.43,11.1,12.05,13.48,15.35,17.79,20.0,20.69,19.26,17.0,13.29,11.54,43.58487,-5.77208,Candás,España
149,10.43,11.1,12.05,13.48,15.35,17.79,20.0,20.69,19.26,17.0,13.29,11.54,43.3526,-5.12553,Cangas de Onís / Cangues d'Onís,España
150,8.35,9.16,10.86,12.35,14.87,17.6,19.35,19.58,18.16,15.05,10.79,9.09,42.25536,-8.79764,Cangas,España
151,3.77,5.86,8.92,11.44,16.05,21.38,24.38,23.22,18.58,13.75,7.71,4.61,40.52591,-0.40742,Cantavieja,España
152,8.23,8.94,10.99,12.94,15.54,18.64,20.55,20.74,18.78,16.17,11.54,9.38,43.63606,-1.44719,Capbreton,France
153,6.6,8.33,11.11,14.24,18.21,23.06,25.42,25.07,21.2,16.55,10.69,7.0,41.33796,-1.23041,Cariñena,España
154,10.81,10.98,12.04,13.02,15.09,17.34,18.92,19.42,18.53,16.41,13.12,11.68,43.73358,-7.87437,Cariño,España
155,6.05,6.45,8.14,10.75,13.45,16.65,18.78,17.92,15.9,12.97,9.02,6.63,47.58462,-3.08237,Carnac,France
156,7.51,7.95,9.56,10.98,13.43,16.31,18.08,18.32,16.93,13.95,9.92,8.37,42.84105,-9.09585,Carnota,España
157,3.87,5.68,8.45,10.78,14.92,20.0,22.6,22.26,18.43,13.46,7.5,4.71,42.33812,-4.608,Carrión de los Condes,España
158,6.87,7.99,10.42,13.25,16.23,19.55,21.43,21.27,18.85,15.31,10.26,7.7,43.47287,-0.93416,Salies-de-Béarn,France
159,11.88,12.95,14.88,16.95,20.2,23.97,26.52,26.97,24.4,20.62,15.68,12.76,37.61503,-1.00549,Cartagena,España
160,6.59,7.49,10.28,12.92,16.21,19.89,21.51,21.39,18.58,14.91,10.03,7.28,45.18262,-0.5835,Cartelègue,France
161,4.95,5.71,8.15,10.35,13.52,17.34,19.14,19.27,16.62,13.17,8.34,5.64,42.54583,-2.91472,Casalarreina,España
162,8.92,9.95,11.91,14.95,18.31,22.52,24.98,25.19,22.07,17.83,13.29,10.2,44.63341,8.73269,Casaleggio Boiro,Italia
163,5.52,6.67,9.62,12.54,16.15,20.16,22.11,21.64,18.45,14.54,9.3,6.28,44.31055,0.07896,Casteljaloux,France
164,7.87,8.59,10.89,13.96,17.63,21.6,24.33,24.02,20.64,16.6,12.01,8.67,43.84601,6.5165,Castellane,France
165,13.63,14.06,15.2,16.66,19.05,21.74,23.93,24.36,22.52,19.87,16.38,14.7,36.28332,-5.42141,Castellar de la Frontera,España
166,4.78,5.89,8.69,11.18,14.48,18.46,20.04,20.04,16.99,13.5,8.14,5.57,42.99998,1.34027,Castelnau-Durban,France
167,5.35,6.76,9.67,13.03,16.55,20.49,22.81,22.4,18.93,14.69,9.3,6.1,44.27445,1.35239,Castelnau-Montratier-Sainte-Alauzie,France
168,10.07,11.72,13.17,14.62,17.76,19.04,21.42,21.24,20.25,16.73,13.15,11.38,41.03967,-8.27381,Castelo de Paiva,Portugal
169,1.05,4.07,7.06,10.84,15.18,19.99,22.28,21.19,16.91,12.3,5.25,0.07,45.73949,7.48541,Fénis,Italia
170,5.08,6.47,9.3,12.0,16.89,22.54,25.83,25.33,20.24,15.15,8.79,6.04,39.66098,-2.38315,Castillo de Garcimuñoz,España
171,7.66,9.74,11.8,14.41,17.79,20.65,23.49,23.15,20.33,16.06,10.69,8.7,42.37476,-7.41793,Castro Caldelas,España
172,10.89,13.02,14.35,16.53,20.59,23.29,26.16,26.22,23.48,20.08,15.07,12.72,37.22004,-7.44465,Castro Marim,Portugal
173,7.41,10.18,11.69,13.97,18.24,23.55,25.75,25.72,21.93,17.56,11.82,9.29,41.72947,1.52606,Calaf,España
174,3.44,5.0,7.12,10.03,13.48,16.64,18.3,18.17,15.38,11.92,7.49,4.11,50.07606,3.64633,Catillon-sur-Sambre,France
175,1.03,2.13,4.93,10.25,14.63,17.28,19.12,17.66,14.62,11.5,4.73,1.05,47.6332,7.01866,Chavannes-sur-l'Étang,France
176,2.92,3.21,5.16,7.36,13.37,19.37,19.38,19.29,15.14,12.23,6.72,2.72,52.62772,10.07243,Celle,Deutschland
177,6.02,6.43,8.44,10.86,13.99,17.34,19.01,18.62,16.3,13.05,9.11,6.49,48.11816,-1.59108,Cesson-Sévigné,France
178,10.87,12.21,14.54,16.91,20.73,25.14,27.84,27.83,24.39,20.22,14.66,11.65,38.08146,-1.26612,Ceutí,España
179,6.22,6.67,8.92,11.5,14.59,18.07,19.62,19.31,16.88,13.44,9.37,6.69,47.33826,-1.26556,Orée d'Anjou,France
180,4.8,6.13,9.34,12.17,15.46,19.07,20.79,21.3,17.84,13.78,9.44,6.65,45.82484,0.45165,Chasseneuil-sur-Bonnieure,France
181,6.02,6.43,8.44,10.86,13.99,17.34,19.01,18.62,16.3,13.05,9.11,6.49,47.70314,-1.37806,Châteaubriant,France
182,6.13,7.05,9.79,12.67,16.05,19.6,21.4,21.03,18.12,14.47,9.81,6.86,45.59879,-0.05668,Châteauneuf-sur-Charente,France
183,-2.78,-2.36,-1.45,1.18,5.34,10.59,12.73,12.28,7.72,5.13,0.96,-1.49,44.00462,10.56248,Borgo a Mozzano,Italia
184,1.83,4.74,6.48,9.68,12.74,18.87,20.0,19.96,15.54,11.3,5.97,3.41,49.05415,7.43442,Bitche,France
185,2.91,2.71,5.27,8.01,13.04,18.9,20.24,19.23,15.64,12.18,8.1,2.62,55.65903,12.55779,København,Danmark
186,7.41,10.18,11.69,13.97,18.24,23.55,25.75,25.72,21.93,17.56,11.82,9.29,41.42423,2.20726,Barcelona,España
187,5.51,6.02,7.65,9.82,12.84,15.96,17.86,17.86,15.61,12.48,8.87,6.24,48.91888,-0.48117,Clécy,France
188,1.05,4.07,7.06,10.84,15.18,19.99,22.28,21.19,16.91,12.3,5.25,0.07,45.60844,7.35834,Cogne,Italia
189,9.57,10.51,12.3,13.76,16.36,18.82,20.33,20.83,19.64,16.97,12.46,10.62,40.19993,-8.42958,Coimbra,Portugal
190,9.59,9.72,11.32,12.71,14.99,17.8,19.7,20.14,18.49,16.41,12.51,10.64,43.3804,-4.55387,Ribadedeva,España
191,9.31,10.21,12.24,14.51,17.76,22.05,24.68,24.99,22.11,18.44,13.27,10.14,41.36527,2.02558,Santa Coloma de Cervelló,España
192,10.43,11.1,12.05,13.48,15.35,17.79,20.0,20.69,19.26,17.0,13.29,11.54,43.48468,-5.26054,Colunga,España
193,6.75,8.02,10.72,13.99,18.16,22.75,25.62,25.05,20.51,15.98,10.88,7.49,43.70624,6.50646,Comps-sur-Artuby,France
194,7.11,7.06,8.49,10.64,13.22,15.98,17.62,17.23,15.49,12.96,9.9,7.68,47.87897,-3.92052,Concarneau,France
195,2.93,4.07,7.27,11.33,14.69,18.87,20.84,19.89,16.42,12.3,6.97,3.79,46.65264,5.59955,Conliège,France
196,9.88,11.0,12.57,14.22,16.71,18.13,19.72,19.71,19.27,16.94,12.81,11.32,39.47701,-8.34332,Praia do Ribatejo,Portugal
197,7.84,8.57,10.68,13.12,16.05,19.15,21.24,21.09,19.21,16.03,11.49,8.76,44.09353,-1.31921,Saint-Julien-en-Born,France
198,4.94,6.15,9.27,12.5,16.13,20.5,22.61,22.33,18.62,14.66,9.05,5.8,44.06432,1.95788,Cordes-sur-Ciel,France
199,9.59,9.72,11.32,12.71,14.99,17.8,19.7,20.14,18.49,16.41,12.51,10.64,43.23353,-4.39832,Rionansa,España
200,5.0,5.65,8.36,11.2,14.51,18.48,20.15,19.89,16.64,13.09,8.41,5.55,46.29857,0.1783,Valence-en-Poitou,France
201,6.59,7.49,10.28,12.92,16.21,19.89,21.51,21.39,18.58,14.91,10.03,7.28,44.77655,-0.34809,Créon,France
202,3.97,4.31,6.96,9.62,12.82,17.31,19.34,18.91,15.17,11.92,7.2,5.15,46.45903,1.60571,Cuzion,France
203,4.75,5.75,8.15,11.28,14.38,17.95,19.96,19.21,16.21,12.74,8.17,5.39,47.24089,-0.0226,Saumur,France
204,9.06,9.82,11.5,13.46,15.86,18.88,21.02,21.26,19.32,16.9,12.65,10.55,43.28942,-1.50419,Urdazubi/Urdax,España
205,6.87,7.99,10.42,13.25,16.23,19.55,21.43,21.27,18.85,15.31,10.26,7.7,43.71435,-1.04945,Dax,France
206,8.83,10.0,12.17,14.16,17.94,21.79,24.12,24.42,21.73,17.72,12.22,9.75,38.7005,-8.06401,Arraiolos,Portugal
207,5.22,6.17,8.84,11.27,14.62,18.4,19.91,19.96,17.3,13.86,8.55,6.17,42.89361,-0.11256,Cauterets,France
208,9.57,10.51,12.3,13.76,16.36,18.82,20.33,20.83,19.64,16.97,12.46,10.62,40.11313,-8.49521,Condeixa-a-Nova,Portugal
209,8.27,8.61,10.39,11.87,14.24,17.09,18.79,19.36,17.88,15.75,11.41,9.51,43.30792,-2.01442,Donostia - San Sebastián,España
210,6.14,7.24,8.92,11.12,14.15,17.07,18.98,19.07,16.91,13.66,9.12,7.58,43.56322,-7.25775,Foz,España
211,2.02,3.82,5.93,9.16,13.04,17.74,19.85,19.25,15.03,10.69,5.76,3.66,48.24051,5.60792,Bourmont-entre-Meuse-et-Mouzon,France
212,6.54,6.73,8.28,10.37,13.09,15.97,17.77,17.57,15.93,13.13,9.68,7.03,48.45451,-2.02963,Lanvallay,France
213,5.22,6.17,8.84,11.27,14.62,18.4,19.91,19.96,17.3,13.86,8.55,6.17,42.98787,-0.4224,Laruns,France
214,12.4,13.13,14.81,16.58,19.52,22.29,24.31,24.49,22.44,19.92,15.64,13.59,37.16536,-7.51994,Vila Nova de Cacela,Portugal
215,5.88,7.25,9.72,13.25,17.68,22.45,24.92,24.45,20.27,15.78,11.52,7.12,43.52395,13.43666,Offagna,Italia
216,3.9,4.58,7.27,9.98,13.24,16.65,18.44,18.24,15.39,11.68,7.15,4.85,49.92636,2.92651,Péronne,France
217,3.28,4.89,7.72,10.16,14.05,18.6,20.76,20.41,17.14,12.3,6.88,4.19,42.51855,-4.74117,Saldaña,España
218,10.11,11.71,12.9,13.71,16.91,17.76,20.01,20.05,19.87,17.11,13.58,12.47,38.91809,-9.3835,São João das Lampas e Terrugem,Portugal
219,9.06,9.82,11.5,13.46,15.86,18.88,21.02,21.26,19.32,16.9,12.65,10.55,43.31207,-1.58398,Sare,France
220,2.84,6.59,7.56,11.18,15.49,20.46,21.37,21.36,17.09,12.66,6.76,4.28,48.23335,7.40611,Orschwiller,France
221,5.41,6.48,9.39,11.75,15.23,19.61,21.47,21.69,18.69,14.79,9.16,5.98,42.52634,-1.68285,Tafalla,España
222,4.18,9.0,10.06,12.57,17.93,22.62,25.49,25.1,20.74,16.0,9.58,6.92,42.16312,0.89043,Tremp,España
223,2.73,5.13,9.32,13.75,18.56,23.44,25.37,24.88,19.84,14.4,8.87,3.69,45.43375,10.97838,Verona,Italia
224,6.87,7.99,10.42,13.25,16.23,19.55,21.43,21.27,18.85,15.31,10.26,7.7,43.7793,-1.40689,Vieux-Boucau-les-Bains,France
225,4.24,6.62,9.66,12.27,16.9,21.36,24.23,23.19,19.29,14.63,8.3,5.81,41.49793,-5.74347,Zamora,España
226,3.21,3.48,5.65,9.34,13.05,15.88,17.78,17.53,14.48,11.21,7.29,3.93,52.72125,6.07499,Giethoorn,Nederland
227,7.11,8.16,10.63,13.15,16.82,21.52,23.89,23.78,20.24,16.68,11.35,7.98,42.1523,2.54679,Santa Pau,España
228,8.23,8.94,10.99,12.94,15.54,18.64,20.55,20.74,18.78,16.17,11.54,9.38,43.59621,-1.45486,Labenne,France
229,1.52,2.47,5.8,10.4,14.8,18.72,20.1,19.55,14.89,10.27,5.63,2.55,49.80102,10.16844,Dettelbach,Deutschland
230,5.5,5.99,7.5,9.69,12.72,15.57,17.52,17.77,15.84,13.04,9.18,6.3,49.93013,1.0866,Dieppe,France
231,3.23,4.41,7.2,10.67,14.48,18.6,20.35,19.84,15.81,12.04,7.19,4.12,46.48085,3.97131,Digoin,France
232,0.32,2.68,3.79,6.2,12.16,18.63,18.68,18.16,13.94,10.63,4.56,1.87,49.07818,10.32908,Dinkelsbühl,Deutschland
233,4.82,5.89,9.01,11.95,15.22,19.3,20.94,20.65,17.23,13.77,8.6,5.77,44.80049,1.22165,Domme,France
234,4.78,5.89,8.69,11.18,14.48,18.46,20.04,20.04,16.99,13.5,8.14,5.57,42.87535,0.97549,Bonac-Irazein,France
235,5.5,5.99,7.5,9.69,12.72,15.57,17.52,17.77,15.84,13.04,9.18,6.3,50.05831,1.36404,Le Tréport,France
236,1.5,2.59,5.84,9.89,13.58,17.31,18.87,18.43,14.62,10.39,5.72,2.58,49.4717,6.07812,Dudelange,Lëtzebuerg
237,8.57,9.23,11.64,14.32,17.92,22.48,24.85,24.57,21.0,17.2,12.22,9.18,42.86144,2.5655,Duilhac-sous-Peyrepertuse,France
238,3.55,4.97,7.38,9.84,14.05,19.17,21.98,20.99,16.97,12.6,6.96,4.42,41.9526,-2.92624,Duruelo de la Sierra,España
239,7.94,8.39,10.0,11.34,13.76,16.59,18.41,18.78,17.18,14.62,10.41,8.78,43.27809,-5.67451,Llangréu/Langreo,España
240,7.94,8.39,10.0,11.34,13.76,16.59,18.41,18.78,17.18,14.62,10.41,8.78,43.28637,-5.63889,Samartín del Rei Aurelio,España
241,7.94,8.39,10.0,11.34,13.76,16.59,18.41,18.78,17.18,14.62,10.41,8.78,42.9565,-6.09289,Cabrillanes,España
242,12.71,14.44,15.46,16.85,20.23,21.73,24.54,25.02,23.76,21.16,16.87,14.86,36.59877,-6.22103,El Puerto de Santa María,España
243,6.03,7.07,9.89,12.47,16.25,20.76,22.74,22.55,19.08,14.82,9.48,6.37,42.51499,-2.61568,Elciego,España
244,6.05,6.45,8.14,10.75,13.45,16.65,18.78,17.92,15.9,12.97,9.02,6.63,47.73905,-2.58073,Elven,France
245,7.11,8.16,10.63,13.15,16.82,21.52,23.89,23.78,20.24,16.68,11.35,7.98,41.85776,3.11505,Palamós,España
246,4.78,5.89,8.69,11.18,14.48,18.46,20.04,20.04,16.99,13.5,8.14,5.57,42.53263,1.57858,Encamp,Andorra
247,7.66,9.74,11.8,14.41,17.79,20.65,23.49,23.15,20.33,16.06,10.69,8.7,41.93261,-8.12141,Entrimo,España
248,6.35,7.25,9.88,12.73,16.28,20.59,23.16,22.78,19.33,15.37,10.27,7.31,42.93374,2.21584,Espéraza,France
249,9.59,9.72,11.32,12.71,14.99,17.8,19.7,20.14,18.49,16.41,12.51,10.64,43.08566,-3.55759,Espinosa de los Monteros,España
250,6.16,7.14,9.8,12.36,15.69,19.2,20.7,20.56,18.06,14.67,9.53,7.09,42.97912,-0.74806,Arette,France
251,2.28,4.17,8.1,12.65,16.0,20.3,22.0,21.03,17.31,12.67,6.77,2.88,45.02367,6.12393,Mont-de-Lans,France
252,9.69,10.51,12.13,13.94,16.16,17.61,19.17,19.13,18.66,16.78,12.35,10.9,40.75409,-8.56634,Estarreja,Portugal
253,5.57,5.75,7.57,9.99,12.82,15.78,17.83,17.71,15.92,13.16,9.22,6.42,49.70039,0.21611,Étretat,France
254,2.52,3.41,6.85,11.05,14.69,19.09,20.81,20.29,15.95,11.27,6.7,3.81,48.93586,8.41746,Ettlingen,Deutschland
255,9.84,10.08,11.54,12.81,15.24,17.85,19.56,19.84,18.53,15.79,12.15,10.63,43.39611,-8.07639,Monfero,España
256,4.49,5.31,7.94,11.3,14.62,18.2,20.13,19.84,16.53,12.87,8.15,5.23,48.87739,2.78579,Chessy,France
257,5.41,6.48,9.39,11.75,15.23,19.61,21.47,21.69,18.69,14.79,9.16,5.98,42.39275,-1.79573,Falces,España
258,2.33,4.26,6.3,8.97,11.53,16.51,18.27,18.19,14.82,11.55,7.48,3.06,54.94865,11.98694,Vordingborg Kommune,Danmark
259,9.88,11.0,12.57,14.22,16.71,18.13,19.72,19.71,19.27,16.94,12.81,11.32,39.63222,-8.67272,Ourém,Portugal
260,1.69,3.3,6.98,10.99,14.48,18.87,20.81,20.13,15.82,11.35,6.1,2.5,45.74963,6.28631,Faverges-Seythenex,France
261,5.57,5.75,7.57,9.99,12.82,15.78,17.83,17.71,15.92,13.16,9.22,6.42,49.76029,0.37427,Fécamp,France
262,2.17,3.33,6.64,10.69,14.84,18.91,20.24,19.66,15.44,11.27,6.29,3.09,47.48877,7.31173,Ferrette,France
263,10.81,10.98,12.04,13.02,15.09,17.34,18.92,19.42,18.53,16.41,13.12,11.68,43.49342,-8.24015,Ferrol,España
264,0.6,2.55,1.84,5.27,9.38,14.81,17.13,16.48,12.66,8.76,3.68,1.94,44.1654,8.33785,Finale Ligure,Italia
265,-1.2,-1.35,0.86,3.58,7.32,12.01,14.03,14.03,10.32,7.07,2.29,0.27,44.32586,3.59044,Florac Trois Rivières,France
266,7.51,7.95,9.56,10.98,13.43,16.31,18.08,18.32,16.93,13.95,9.92,8.37,42.79736,-8.58452,Teo,España
267,6.14,7.24,8.92,11.12,14.15,17.07,18.98,19.07,16.91,13.66,9.12,7.58,43.34309,-6.8519,Illano,España
268,5.36,6.21,9.18,12.09,15.77,19.66,21.34,20.84,17.37,13.83,8.89,5.9,44.56051,-0.02138,Fontet,France
269,5.11,5.77,7.9,10.82,13.87,17.36,19.45,18.68,16.11,12.74,8.3,5.66,48.35518,-1.21102,Fougères,France
270,6.53,7.15,9.43,12.15,15.16,18.53,20.59,20.02,17.95,14.78,10.56,7.45,45.98174,-1.087,Fouras,France
271,5.52,6.67,9.62,12.54,16.15,20.16,22.11,21.64,18.45,14.54,9.3,6.28,43.99403,0.22974,Fourcès,France
272,9.88,11.0,12.57,14.22,16.71,18.13,19.72,19.71,19.27,16.94,12.81,11.32,39.42841,-9.2201,Foz do Arelho,Portugal
273,8.87,10.73,13.62,16.04,20.4,24.65,26.98,27.02,23.72,18.8,12.85,9.8,38.16982,-6.64944,Fregenal de la Sierra,España
274,4.95,5.71,8.15,10.35,13.52,17.34,19.14,19.27,16.62,13.17,8.34,5.64,42.76033,-3.29598,Frías,España
275,2.77,3.97,7.21,11.18,15.23,19.29,20.66,20.14,15.92,11.65,6.81,3.82,47.99943,7.82561,Freiburg im Breisgau,Deutschland
276,3.54,4.74,7.51,9.81,13.72,18.22,20.74,20.57,16.99,12.52,6.97,4.46,42.26485,-4.41215,Frómista,España
277,0.74,1.85,4.75,8.87,13.02,16.93,18.07,17.6,13.1,9.42,5.24,1.59,50.55692,9.66611,Fulda,Deutschland
278,4.82,5.89,9.01,11.95,15.22,19.3,20.94,20.65,17.23,13.77,8.6,5.77,44.49813,0.97209,Fumel,France
279,-11.76,-10.32,-10.27,-7.52,-4.43,0.36,2.67,2.55,-0.59,-3.39,-7.56,-9.38,45.70166,7.87278,Gaby,Italia
280,0.63,1.06,4.35,8.15,12.28,16.69,18.02,17.77,13.45,9.26,4.39,2.1,49.00229,9.76614,Gaildorf,Deutschland
281,-2.12,-0.26,3.62,8.14,12.18,16.1,17.25,16.83,12.75,8.63,3.12,-1.16,47.50466,11.10716,Garmisch-Partenkirchen,Deutschland
282,5.22,6.17,8.84,11.27,14.62,18.4,19.91,19.96,17.3,13.86,8.55,6.17,42.73823,-0.01932,Gavarnie-Gèdre,France
283,3.23,4.41,7.2,10.67,14.48,18.6,20.35,19.84,15.81,12.04,7.19,4.12,46.57769,4.23505,Génelard,France
284,5.57,6.57,9.95,13.76,17.65,22.34,24.9,23.74,19.5,15.39,9.71,6.05,43.91512,5.19763,Gordes,France
285,7.28,8.33,10.65,13.69,17.44,21.69,24.4,23.68,20.2,16.41,11.55,8.07,43.57368,2.96758,Mons,France
286,4.82,5.89,9.01,11.95,15.22,19.3,20.94,20.65,17.23,13.77,8.6,5.77,44.73399,1.38481,Gourdon,France
287,6.14,7.24,8.92,11.12,14.15,17.07,18.98,19.07,16.91,13.66,9.12,7.58,43.21565,-6.87588,Grandas de Salime,España
288,11.28,12.19,14.2,16.29,19.99,24.43,26.84,26.67,23.67,19.87,14.96,12.22,39.9799,0.02274,Castelló de la Plana,España
289,8.8,9.4,11.48,14.07,17.37,21.35,24.0,23.6,20.69,17.41,12.71,9.8,43.09594,3.11004,Gruissan,France
290,6.83,7.35,9.32,11.92,14.66,17.69,19.39,18.78,17.47,14.98,10.74,7.49,47.3338,-2.42041,Guérande,France
291,6.14,7.24,8.92,11.12,14.15,17.07,18.98,19.07,16.91,13.66,9.12,7.58,43.17727,-7.87941,Guitiriz,España
292,2.28,2.88,5.51,9.63,13.33,16.85,18.82,18.54,14.57,10.73,6.56,3.6,52.09552,9.35982,Hameln,Deutschland
293,2.58,3.28,5.15,7.15,13.23,19.27,19.14,18.97,15.1,11.84,6.53,3.04,51.42018,9.64856,Hann. Münden,Deutschland
294,4.0,4.59,6.91,10.1,13.5,16.79,18.36,18.15,15.15,12.07,7.88,5.29,50.84602,3.31089,Harelbeke,België / Belgique / Belgien
295,-1.66,-1.01,2.66,7.11,10.53,14.34,16.12,15.92,11.87,7.63,3.35,-0.06,50.56852,9.34615,Herbstein,Deutschland
296,1.94,2.56,4.33,6.42,12.46,18.62,18.66,18.59,14.51,10.97,5.83,2.6,51.02763,9.41451,Homberg (Efze),Deutschland
297,3.55,4.97,7.38,9.84,14.05,19.17,21.98,20.99,16.97,12.6,6.96,4.42,41.8439,-3.16446,Hontoria del Pinar,España
298,5.41,6.48,9.39,11.75,15.23,19.61,21.47,21.69,18.69,14.79,9.16,5.98,42.77624,-1.38536,Lónguida/Longida,España
299,-0.74,1.18,4.94,10.23,14.35,18.93,20.65,19.81,15.08,10.12,5.34,0.28,46.16882,14.42246,Medvode,Slovenija
300,-3.98,-2.0,1.79,7.36,12.04,15.77,17.24,16.89,12.0,7.47,2.84,-2.3,49.161,20.29344,Vysoké Tatry,Slovensko
301,6.26,8.31,11.11,14.06,18.6,23.86,26.79,26.21,21.56,16.63,10.22,7.26,37.18611,-4.03972,Huétor Tájar,España
302,1.26,2.36,4.04,6.09,12.53,18.78,18.9,18.45,14.38,11.34,5.4,1.98,50.86823,10.96335,Ichtershausen,Deutschland
303,9.67,10.48,12.25,14.01,16.56,19.19,20.99,20.97,19.41,16.36,12.17,10.41,42.53566,-8.8693,A Illa de Arousa,España
304,8.27,8.61,10.39,11.87,14.24,17.09,18.79,19.36,17.88,15.75,11.41,9.51,43.29782,-1.97101,Donostia - San Sebastián,España
305,12.21,13.11,14.72,16.67,19.7,23.06,25.71,26.43,23.84,20.32,15.78,13.32,37.26221,-1.85359,Vera,España
306,6.59,7.49,10.28,12.92,16.21,19.89,21.51,21.39,18.58,14.91,10.03,7.28,44.5446,-0.25736,Langon,France
307,4.4,7.87,9.52,12.08,16.91,21.96,24.8,24.38,19.82,15.29,8.98,5.7,42.56766,-0.54552,Jaca,España
308,10.39,11.41,13.57,15.81,19.43,23.66,26.32,26.53,23.4,19.46,14.24,11.27,39.18758,-1.07611,Jalance,España
309,6.02,6.43,8.44,10.86,13.99,17.34,19.01,18.62,16.3,13.05,9.11,6.49,47.62161,-1.61161,Jans,France
310,-8.57,-8.55,-3.98,1.45,7.57,13.35,16.65,14.73,9.72,3.45,-1.76,-5.55,65.14335,21.50917,Jävre,Sverige
311,-0.16,0.17,1.93,4.76,9.06,12.35,13.93,13.7,11.25,7.8,4.25,1.16,59.0173,6.0439,Jørpeland,Norge
312,6.05,6.45,8.14,10.75,13.45,16.65,18.78,17.92,15.9,12.97,9.02,6.63,47.95631,-2.55029,Josselin,France
313,4.17,4.77,7.11,9.92,12.98,16.36,18.12,17.81,15.12,11.73,7.54,4.74,49.4308,0.81484,Jumièges,France
314,-0.08,0.27,2.4,6.28,11.1,15.78,17.94,16.86,13.22,8.83,5.31,1.58,56.68133,16.38084,Kalmar,Sverige
315,0.11,-0.01,2.14,6.32,11.2,15.25,17.55,16.6,12.98,8.39,4.99,1.54,56.16987,15.59416,Karlskrona,Sverige
316,2.84,6.59,7.56,11.18,15.49,20.46,21.37,21.36,17.09,12.66,6.76,4.28,48.13608,7.26188,Kaysersberg-Vignoble,France
317,2.69,5.46,8.12,10.85,16.34,21.07,20.88,21.84,16.13,12.36,7.27,4.23,48.5634,7.8165,Kehl,Deutschland
318,6.05,6.45,8.14,10.75,13.45,16.65,18.78,17.92,15.9,12.97,9.02,6.63,47.52218,-2.8584,Saint-Gildas-de-Rhuys,France
319,3.61,3.91,6.04,9.45,13.21,16.35,18.16,17.67,14.78,11.61,7.49,4.17,52.01281,4.71607,Gouda,Nederland
320,9.24,9.73,11.87,13.61,16.28,19.52,21.35,21.71,19.82,17.14,12.48,10.34,43.25968,-2.96401,Bilbao,España
321,1.0,3.02,6.69,11.8,15.95,20.17,21.68,21.21,16.18,11.04,6.62,2.18,48.33522,16.29915,Gemeinde Klosterneuburg,Österreich
322,10.57,11.81,14.23,16.68,20.55,25.09,27.47,27.33,23.78,19.69,14.25,10.93,40.65913,0.67527,Amposta,España
323,3.52,4.96,7.79,10.47,14.79,19.26,21.38,20.8,17.07,12.66,7.05,4.36,40.48848,-6.11623,La Alberca,España
324,3.87,5.68,8.45,10.78,14.92,20.0,22.6,22.26,18.43,13.46,7.5,4.71,41.91119,-4.78079,Ampudia,España
325,6.54,6.73,8.28,10.37,13.09,15.97,17.77,17.57,15.93,13.13,9.68,7.03,48.60376,-1.47701,Pontorson,France
326,4.93,6.76,9.52,12.37,16.77,22.31,25.8,25.16,20.32,15.38,8.9,5.91,39.39714,-2.43577,San Clemente,España
327,6.83,7.35,9.32,11.92,14.66,17.69,19.39,18.78,17.47,14.98,10.74,7.49,46.96568,-2.21501,La Guérinière,France
328,3.77,5.86,8.92,11.44,16.05,21.38,24.38,23.22,18.58,13.75,7.71,4.61,39.89176,-0.95707,La Yesa,España
329,7.94,8.39,10.0,11.34,13.76,16.59,18.41,18.78,17.18,14.62,10.41,8.78,43.15947,-6.10098,Teverga,España
330,11.9,13.43,16.07,18.9,23.05,27.65,30.24,29.95,26.07,21.7,15.79,12.63,37.9593,-2.4313,Puebla de Don Fadrique,España
331,5.81,6.3,8.44,10.97,14.24,17.73,19.5,19.03,16.61,13.38,9.22,6.47,46.6683,-1.4184,La Roche-sur-Yon,France
332,10.57,11.81,14.23,16.68,20.55,25.09,27.47,27.33,23.78,19.69,14.25,10.93,40.41604,0.1727,la Salzadella,España
333,4.78,5.89,8.69,11.18,14.48,18.46,20.04,20.04,16.99,13.5,8.14,5.57,42.35876,1.46506,la Seu d'Urgell,España
334,6.54,8.18,9.1,12.35,15.88,20.25,23.27,23.08,19.61,16.12,11.24,8.29,44.10417,9.85907,La Spezia,Italia
335,7.89,8.54,10.68,13.3,16.29,19.56,21.63,21.46,19.31,16.13,11.66,8.83,44.65154,-1.1481,La Teste-de-Buch,France
336,4.82,5.89,9.01,11.95,15.22,19.3,20.94,20.65,17.23,13.77,8.6,5.77,44.82434,1.18395,La Roque-Gageac,France
337,4.95,5.71,8.15,10.35,13.52,17.34,19.14,19.27,16.62,13.17,8.34,5.64,42.58719,-2.79458,Labastida/Bastida,España
338,7.84,8.57,10.68,13.12,16.05,19.15,21.24,21.09,19.21,16.03,11.49,8.76,44.32886,-1.15096,Gastes,France
339,4.26,5.17,8.5,11.57,14.48,18.36,20.96,20.65,16.81,12.86,8.26,5.5,48.93806,5.71451,Heudicourt-sous-les-Côtes,France
340,4.36,5.0,7.65,10.81,14.14,17.87,20.31,19.58,16.44,12.63,7.85,5.06,47.47935,1.31891,Le Controis-en-Sologne,France
341,7.28,8.33,10.65,13.69,17.44,21.69,24.4,23.68,20.2,16.41,11.55,8.07,43.64677,3.38939,Clermont-l'Hérault,France
342,6.6,7.44,9.91,12.55,15.74,19.12,21.03,20.79,18.11,14.76,10.37,7.56,44.48619,-1.08447,Sanguinet,France
343,2.19,3.24,6.85,10.9,14.72,19.27,20.91,20.11,16.05,11.64,6.38,3.03,46.46733,5.69212,Maisod,France
344,-0.92,2.15,2.69,5.57,8.55,14.29,16.13,15.49,12.01,8.64,3.63,1.22,46.8125,6.30367,Saint-Point-Lac,France
345,12.4,13.13,14.81,16.58,19.52,22.29,24.31,24.49,22.44,19.92,15.64,13.59,37.11581,-8.67895,Lagos,Portugal
346,6.35,7.25,9.88,12.73,16.28,20.59,23.16,22.78,19.33,15.37,10.27,7.31,43.09275,2.62028,Lagrasse,France
347,8.75,8.4,9.06,10.38,12.33,14.53,16.22,16.32,15.32,13.59,11.29,9.48,48.44747,-4.77684,Lampaul-Plouarzel,France
348,6.89,6.86,7.97,9.86,12.48,14.92,16.9,16.48,14.95,12.86,9.69,7.53,48.49433,-4.03826,Lampaul-Guimiliau,France
349,9.59,9.72,11.32,12.71,14.99,17.8,19.7,20.14,18.49,16.41,12.51,10.64,43.2176,-3.43927,Lanestosa,España
350,-0.97,-0.86,1.33,6.07,11.15,15.98,18.31,17.24,12.69,7.91,3.93,0.92,59.32021,18.03195,Stockholm,Sverige
351,6.59,7.49,10.28,12.92,16.21,19.89,21.51,21.39,18.58,14.91,10.03,7.28,44.52666,-0.21663,Langon,France
352,4.94,6.15,9.27,12.5,16.13,20.5,22.61,22.33,18.62,14.66,9.05,5.8,43.70418,2.12998,Lautrec,France
353,8.57,9.23,11.64,14.32,17.92,22.48,24.85,24.57,21.0,17.2,12.22,9.18,42.52724,2.83773,Le Boulou,France
354,7.28,8.33,10.65,13.69,17.44,21.69,24.4,23.68,20.2,16.41,11.55,8.07,43.28591,3.51746,Agde,France
355,6.71,7.89,8.78,9.6,11.98,15.44,18.01,17.68,15.98,13.97,10.14,7.52,48.708,-3.82716,Le Diben,France
356,10.13,10.2,11.68,13.99,17.41,21.34,24.02,24.07,21.21,17.83,14.01,11.2,43.15187,6.43199,Le Lavandou,France
357,6.13,7.05,9.79,12.67,16.05,19.6,21.4,21.03,18.12,14.47,9.81,6.86,45.54596,-1.05453,Le Verdon-sur-Mer,France
358,9.24,9.73,11.87,13.61,16.28,19.52,21.35,21.71,19.82,17.14,12.48,10.34,43.35839,-2.5072,Lekeitio,España
359,5.36,6.21,9.18,12.09,15.77,19.66,21.34,20.84,17.37,13.83,8.89,5.9,44.88311,0.52525,Lembras,France
360,3.28,4.89,7.72,10.16,14.05,18.6,20.76,20.41,17.14,12.3,6.88,4.19,42.60462,-5.58494,León,España
361,7.11,8.16,10.63,13.15,16.82,21.52,23.89,23.78,20.24,16.68,11.35,7.98,42.23575,2.28419,Sant Joan de les Abadesses,España
362,8.57,9.23,11.64,14.32,17.92,22.48,24.85,24.57,21.0,17.2,12.22,9.18,42.56351,2.06857,Les Angles,France
363,-1.76,0.35,1.29,4.66,10.38,14.21,16.8,15.54,11.86,7.33,1.71,-2.65,44.93427,6.73533,Montgenèvre,France
364,7.24,8.4,10.25,11.69,14.85,18.41,20.06,20.12,18.6,16.32,11.75,8.2,46.22943,-1.4834,Les Portes-en-Ré,France
365,4.77,6.89,9.1,11.93,15.58,19.61,21.33,20.99,16.72,13.63,8.1,6.11,44.93885,1.00952,Les Eyzies,France
366,8.8,9.4,11.48,14.07,17.37,21.35,24.0,23.6,20.69,17.41,12.71,9.8,42.91385,3.01995,Leucate,France
367,8.8,9.4,11.48,14.07,17.37,21.35,24.0,23.6,20.69,17.41,12.71,9.8,42.90023,3.05271,Leucate,France
368,0.25,1.4,5.14,9.38,13.65,17.78,18.9,18.36,14.13,10.0,4.74,1.34,47.55847,9.70041,Lindau (Bodensee),Deutschland
369,4.94,6.15,9.27,12.5,16.13,20.5,22.61,22.33,18.62,14.66,9.05,5.8,43.86204,1.81846,Lisle-sur-Tarn,France
370,9.38,9.93,12.09,13.8,16.4,19.48,21.4,21.73,19.84,17.32,12.68,10.48,43.26799,-1.90135,Errenteria,España
371,2.57,5.06,9.06,13.02,17.01,21.68,23.89,22.95,18.96,13.61,7.95,3.33,45.41292,7.46294,Locana,Italia
372,7.11,7.06,8.49,10.64,13.22,15.98,17.62,17.23,15.49,12.96,9.9,7.68,48.09817,-4.2124,Locronan,France
373,6.03,7.07,9.89,12.47,16.25,20.76,22.74,22.55,19.08,14.82,9.48,6.37,42.47809,-2.45729,Logroño,España
374,7.86,9.5,12.11,14.64,19.2,24.39,27.39,27.2,23.09,17.76,11.61,8.71,39.33305,-5.47919,Polígono industrial de Logrosán,España
375,10.87,12.21,14.54,16.91,20.73,25.14,27.84,27.83,24.39,20.22,14.66,11.65,38.07944,-1.25806,Lorquí,España
376,6.77,7.69,10.19,13.14,17.08,21.69,24.18,24.26,20.45,16.44,11.96,7.95,43.84024,10.4886,Lucca,Italia
377,4.52,6.79,9.82,14.6,18.74,23.47,25.98,25.19,21.5,16.82,10.55,5.46,45.46066,10.63311,Sirmione,Italia
378,6.14,7.24,8.92,11.12,14.15,17.07,18.98,19.07,16.91,13.66,9.12,7.58,43.00445,-7.56139,Lugo,España
379,7.94,8.39,10.0,11.34,13.76,16.59,18.41,18.78,17.18,14.62,10.41,8.78,43.40706,-5.81086,Siero,España
380,7.66,9.74,11.8,14.41,17.79,20.65,23.49,23.15,20.33,16.06,10.69,8.7,42.40932,-7.72207,Nogueira de Ramuín,España
381,1.05,4.07,7.06,10.84,15.18,19.99,22.28,21.19,16.91,12.3,5.25,0.07,45.43396,7.22823,Ceresole Reale,Italia
382,9.67,10.48,12.25,14.01,16.56,19.19,20.99,20.97,19.41,16.36,12.17,10.41,42.63352,-8.85318,Abanqueiro,España
383,4.66,6.18,8.84,11.11,15.02,19.43,22.02,21.81,18.35,13.35,7.84,5.29,41.53762,-6.95713,Macedo de Cavaleiros,Portugal
384,3.28,4.89,7.72,10.16,14.05,18.6,20.76,20.41,17.14,12.3,6.88,4.19,43.04908,-5.18356,Maraña,España
385,2.85,4.69,8.71,12.55,16.71,21.29,22.95,22.13,17.97,13.13,7.91,3.47,45.91843,9.31547,Mandello del Lario,Italia
386,1.83,2.39,5.44,9.77,13.64,17.46,18.91,18.21,14.17,9.84,5.7,2.79,50.80368,8.77528,Marburg,Deutschland
387,6.77,7.69,10.19,13.14,17.08,21.69,24.18,24.26,20.45,16.44,11.96,7.95,43.67857,10.27903,Pisa,Italia
388,10.48,12.04,11.74,14.0,18.54,23.18,25.86,25.86,22.98,18.84,15.22,12.74,42.86634,9.34382,Barrettali,France
389,3.71,4.02,5.93,9.08,12.58,15.74,17.73,17.61,14.74,11.49,7.39,4.41,52.4565,5.10465,Marken,Nederland
390,11.39,11.31,13.02,15.41,19.01,23.06,26.03,26.51,23.94,20.15,16.32,12.91,37.88929,12.47127,Marsala,Italia
391,4.32,5.0,7.67,11.02,14.45,18.4,20.65,19.97,16.61,12.72,8.0,5.0,46.8055,1.03811,Martizay,France
392,9.31,10.21,12.24,14.51,17.76,22.05,24.68,24.99,22.11,18.44,13.27,10.14,41.36806,1.77321,Avinyonet del Penedès,España
393,7.11,8.16,10.63,13.15,16.82,21.52,23.89,23.78,20.24,16.68,11.35,7.98,42.07503,3.09813,Bellcaire d'Empordà,España
394,2.13,3.94,5.22,6.95,12.89,18.76,18.76,19.04,14.89,11.64,6.24,3.28,50.32236,7.22835,Mayen,Deutschland
395,3.55,4.97,7.38,9.84,14.05,19.17,21.98,20.99,16.97,12.6,6.96,4.42,41.17138,-2.43203,Medinaceli,España
396,-0.79,-0.42,0.39,2.33,6.8,10.27,12.81,12.33,9.68,5.33,2.89,0.63,68.4941,14.81341,Melbu,Norge
397,6.83,7.35,9.32,11.92,14.66,17.69,19.39,18.78,17.47,14.98,10.74,7.49,47.40462,-2.49115,Quimiac,France
398,6.87,7.99,10.42,13.25,16.23,19.55,21.43,21.27,18.85,15.31,10.26,7.7,43.81613,-1.40081,Messanges,France
399,5.46,6.45,9.25,12.18,15.76,19.77,21.69,21.5,18.28,14.45,9.08,6.2,43.43304,0.30922,Miélan,France
400,7.84,8.57,10.68,13.12,16.05,19.15,21.24,21.09,19.21,16.03,11.49,8.76,44.21276,-1.2821,Mimizan,France
401,6.35,7.25,9.88,12.73,16.28,20.59,23.16,22.78,19.33,15.37,10.27,7.31,43.08502,1.87394,Mirepoix,France
402,6.14,7.24,8.92,11.12,14.15,17.07,18.98,19.07,16.91,13.66,9.12,7.58,43.42769,-7.37014,Mondoñedo,España
403,-0.23,2.11,3.74,4.7,10.09,15.66,15.77,16.06,12.76,9.9,4.56,1.27,50.554,6.2322,Monschau,Deutschland
404,8.57,9.23,11.64,14.32,17.92,22.48,24.85,24.57,21.0,17.2,12.22,9.18,42.50764,2.12249,Mont-Louis,France
405,1.9,4.48,6.32,8.75,13.82,19.48,20.16,19.66,15.68,12.02,5.84,3.15,47.50663,6.79132,Montbéliard,France
406,6.13,7.05,9.79,12.67,16.05,19.6,21.4,21.03,18.12,14.47,9.81,6.86,45.21796,-0.18348,Montguyon,France
407,4.34,5.05,7.66,10.9,14.36,18.05,19.85,19.19,15.34,12.12,7.67,5.03,47.15773,1.20173,Montrésor,France
408,4.18,9.0,10.06,12.57,17.93,22.62,25.49,25.1,20.74,16.0,9.58,6.92,41.91864,0.18939,Monzón,España
409,10.57,11.81,14.23,16.68,20.55,25.09,27.47,27.33,23.78,19.69,14.25,10.93,40.62407,-0.09144,Morella,España
410,6.71,7.89,8.78,9.6,11.98,15.44,18.01,17.68,15.98,13.97,10.14,7.52,48.57417,-3.83156,Morlaix,France
411,3.41,4.42,7.18,10.77,14.4,18.46,20.42,19.7,15.96,12.54,7.43,4.33,46.55806,3.32464,Moulins,France
412,5.0,5.65,8.36,11.2,14.51,18.48,20.15,19.89,16.64,13.09,8.41,5.55,46.33329,0.81055,Moulismes,France
413,11.9,13.43,16.07,18.9,23.05,27.65,30.24,29.95,26.07,21.7,15.79,12.63,38.03972,-1.48139,Mula,España
414,5.57,6.36,8.73,11.54,14.95,18.84,20.54,20.19,17.37,13.85,9.07,6.12,46.37796,-0.06916,Bougon,France
415,7.51,7.95,9.56,10.98,13.43,16.31,18.08,18.32,16.93,13.95,9.92,8.37,43.09903,-9.21275,Muxía,España
416,2.61,3.67,6.6,10.37,14.39,18.46,20.18,19.55,15.38,11.33,6.69,3.71,48.69226,6.19342,Nancy,France
417,2.87,4.63,7.41,11.44,15.18,19.33,21.14,20.42,16.33,12.59,7.11,3.88,46.15671,5.60363,Nantua,France
418,7.41,10.18,11.69,13.97,18.24,23.55,25.75,25.72,21.93,17.56,11.82,9.29,41.75669,1.90929,Navarcles,España
419,9.61,9.82,11.02,12.16,14.33,16.94,18.82,19.38,17.99,15.65,11.99,10.45,43.40394,-6.54168,Tineo,España
420,9.61,9.82,11.02,12.16,14.33,16.94,18.82,19.38,17.99,15.65,11.99,10.45,43.545,-6.72217,Navia,España
421,7.51,7.95,9.56,10.98,13.43,16.31,18.08,18.32,16.93,13.95,9.92,8.37,42.91201,-8.73342,Negreira,España
422,6.98,8.12,8.64,12.25,16.92,23.41,25.52,24.96,20.21,15.97,11.66,7.72,40.78257,17.23397,Alberobello,Italia
423,6.83,7.35,9.32,11.92,14.66,17.69,19.39,18.78,17.47,14.98,10.74,7.49,47.0008,-2.25208,Noirmoutier-en-l'Île,France
424,0.36,1.39,4.85,9.33,13.54,17.57,18.84,18.42,13.86,9.57,4.67,1.45,48.85535,10.48438,Nördlingen,Deutschland
425,-2.77,0.3,0.22,2.93,5.85,11.86,13.69,13.18,9.91,6.69,1.86,-0.33,46.77252,6.03648,Nozeroy,France
426,10.81,10.98,12.04,13.02,15.09,17.34,18.92,19.42,18.53,16.41,13.12,11.68,43.53751,-7.93867,As Somozas,España
427,8.35,9.16,10.86,12.35,14.87,17.6,19.35,19.58,18.16,15.05,10.79,9.09,42.27555,-8.83372,Cangas,España
428,4.95,5.71,8.15,10.35,13.52,17.34,19.14,19.27,16.62,13.17,8.34,5.64,43.02792,-2.40563,Oñati,España
429,-2.59,-1.29,2.43,7.01,11.24,15.4,16.52,16.12,12.13,8.14,2.79,-1.27,47.40849,10.28578,Oberstdorf,Deutschland
430,9.88,11.0,12.57,14.22,16.71,18.13,19.72,19.71,19.27,16.94,12.81,11.32,39.3564,-9.15703,Óbidos,Portugal
431,1.78,2.88,6.2,10.54,14.58,18.52,19.88,19.52,15.18,10.9,6.04,2.91,49.19718,9.51126,Öhringen,Deutschland
432,5.41,6.48,9.39,11.75,15.23,19.61,21.47,21.69,18.69,14.79,9.16,5.98,42.48027,-1.64719,Olite/Erriberri,España
433,6.16,7.14,9.8,12.36,15.69,19.2,20.7,20.56,18.06,14.67,9.53,7.09,43.18371,-0.60846,Oloron-Sainte-Marie,France
434,2.17,3.33,6.64,10.69,14.84,18.91,20.24,19.66,15.44,11.27,6.29,3.09,47.49189,7.39047,Oltingue,France
435,9.83,11.33,13.8,16.2,20.16,24.36,27.32,27.57,24.19,20.05,13.99,11.22,36.94139,-5.25306,Olvera,España
436,4.08,4.8,7.83,10.66,13.87,17.86,19.43,19.3,16.18,12.67,7.75,5.11,45.93565,1.02518,Oradour-sur-Glane,France
437,9.06,9.82,11.5,13.46,15.86,18.88,21.02,21.26,19.32,16.9,12.65,10.55,43.17861,-1.48806,Baztan,España
438,2.21,4.31,8.44,12.84,16.97,21.88,23.86,23.24,18.72,13.29,7.65,2.95,45.79726,8.41193,Orta San Giulio,Italia
439,9.61,9.82,11.02,12.16,14.33,16.94,18.82,19.38,17.99,15.65,11.99,10.45,43.56083,-6.73389,Coaña,España
440,-2.29,-1.81,1.49,6.49,11.64,15.71,17.86,16.49,12.38,6.9,2.68,-1.29,59.91824,10.6759,Oslo,Norge
441,6.14,7.24,8.92,11.12,14.15,17.07,18.98,19.07,16.91,13.66,9.12,7.58,43.56505,-7.64381,Ourol,España
442,7.94,8.39,10.0,11.34,13.76,16.59,18.41,18.78,17.18,14.62,10.41,8.78,43.38283,-5.82377,Oviedo,España
443,8.44,9.0,9.16,10.47,13.07,15.71,17.58,18.34,17.1,14.32,11.36,8.97,48.7825,-3.04694,Paimpol,France
444,7.66,9.74,11.8,14.41,17.79,20.65,23.49,23.15,20.33,16.06,10.69,8.7,42.38278,-7.57146,Parada de Sil,España
445,11.41,12.96,14.2,16.21,20.07,23.99,26.89,26.89,24.03,19.88,15.27,12.87,38.649,0.06661,Calp,España
446,-2.78,-2.36,-1.45,1.18,5.34,10.59,12.73,12.28,7.72,5.13,0.96,-1.49,44.58931,10.53539,Vezzano sul Crostolo,Italia
447,6.77,7.69,10.19,13.14,17.08,21.69,24.18,24.26,20.45,16.44,11.96,7.95,43.90804,10.21881,Camaiore,Italia
448,5.25,5.38,6.78,9.11,12.21,15.29,17.68,17.49,15.6,12.61,8.64,6.05,51.26232,1.10247,Canterbury,United Kingdom
449,10.29,12.05,11.44,13.97,18.5,23.39,26.06,26.12,23.27,19.08,15.17,12.91,41.56393,9.33596,Porto-Vecchio,France
450,10.57,11.81,14.23,16.68,20.55,25.09,27.47,27.33,23.78,19.69,14.25,10.93,40.37837,0.40647,Peníscola / Peñíscola,España
451,9.08,11.03,13.84,16.65,21.12,26.09,29.08,28.96,24.76,19.6,13.14,10.09,37.87431,-4.78726,Córdoba,España
452,12.4,13.13,14.81,16.58,19.52,22.29,24.31,24.49,22.44,19.92,15.64,13.59,37.0983,-8.24369,Albufeira,Portugal
453,9.08,11.03,13.84,16.65,21.12,26.09,29.08,28.96,24.76,19.6,13.14,10.09,37.9671,-4.46118,Pedro Abad,España
454,6.18,7.06,10.09,13.39,17.41,22.02,24.56,23.7,19.77,15.65,10.37,6.93,43.62857,5.15376,Pélissanne,France
455,7.66,9.74,11.8,14.41,17.79,20.65,23.49,23.15,20.33,16.06,10.69,8.7,42.46894,-7.28626,Ribas de Sil,España
456,4.77,6.89,9.1,11.93,15.58,19.61,21.33,20.99,16.72,13.63,8.1,6.11,45.18768,0.73078,Périgueux,France
457,5.22,6.17,8.84,11.27,14.62,18.4,19.91,19.96,17.3,13.86,8.55,6.17,42.78636,0.15718,Aragnouet,France
458,5.22,6.17,8.84,11.27,14.62,18.4,19.91,19.96,17.3,13.86,8.55,6.17,42.96053,-0.07718,Pierrefitte-Nestalas,France
459,6.64,8.51,11.58,14.43,19.31,25.05,28.19,27.53,22.7,17.04,10.64,7.41,40.2383,-3.6907,Pinto,España
460,4.4,7.87,9.52,12.08,16.91,21.96,24.8,24.38,19.82,15.29,8.98,5.7,42.50571,-0.35694,Sabiñánigo,España
461,8.32,8.5,9.33,11.04,13.39,15.96,17.53,17.5,16.43,14.42,11.48,9.07,47.79894,-4.19818,Larvor,France
462,10.57,11.81,14.23,16.68,20.55,25.09,27.47,27.33,23.78,19.69,14.25,10.93,40.57582,0.39331,Sant Jordi / San Jorge,España
463,3.3,4.4,7.21,10.93,14.67,18.78,20.98,20.04,16.36,12.71,7.56,4.38,45.37474,4.44875,Planfoy,France
464,7.11,8.16,10.63,13.15,16.82,21.52,23.89,23.78,20.24,16.68,11.35,7.98,41.81022,3.05792,Castell-Platja d'Aro,España
465,10.43,11.1,12.05,13.48,15.35,17.79,20.0,20.69,19.26,17.0,13.29,11.54,43.5445,-5.69571,Gijón/Xixón,España
466,8.23,8.94,10.99,12.94,15.54,18.64,20.55,20.74,18.78,16.17,11.54,9.38,43.50672,-1.5346,Anglet,France
467,6.54,6.73,8.28,10.37,13.09,15.97,17.77,17.57,15.93,13.13,9.68,7.03,48.58029,-2.14482,Beaussais-sur-Mer,France
468,6.71,7.89,8.78,9.6,11.98,15.44,18.01,17.68,15.98,13.97,10.14,7.52,48.69406,-3.79212,Plougasnou,France
469,7.4,7.31,8.59,10.54,13.06,15.59,17.46,16.97,15.57,13.38,10.39,8.19,48.33771,-4.70729,Plougonvelin,France
470,7.66,9.74,11.8,14.41,17.79,20.65,23.49,23.15,20.33,16.06,10.69,8.7,42.56932,-7.39408,A Pobra do Brollón,España
471,7.94,8.39,10.0,11.34,13.76,16.59,18.41,18.78,17.18,14.62,10.41,8.78,43.25484,-5.56842,Pola de Laviana,España
472,6.87,7.99,10.42,13.25,16.23,19.55,21.43,21.27,18.85,15.31,10.26,7.7,43.62839,-0.82864,Pomarez,France
473,5.03,7.56,10.21,12.28,16.3,19.79,22.97,22.18,18.78,14.18,8.63,6.05,42.54372,-6.5869,Ponferrada,España
474,2.39,3.33,6.3,10.36,13.87,17.97,19.88,19.44,15.28,11.19,6.34,3.31,48.90235,6.06122,Pont-à-Mousson,France
475,9.67,10.48,12.25,14.01,16.56,19.19,20.99,20.97,19.41,16.36,12.17,10.41,42.42291,-8.65615,Pontevedra,España
476,6.83,7.35,9.32,11.92,14.66,17.69,19.39,18.78,17.47,14.98,10.74,7.49,47.12075,-2.09178,Pornic,France
477,6.53,7.15,9.43,12.15,15.16,18.53,20.59,20.02,17.95,14.78,10.56,7.45,45.94716,-1.09008,Port-des-Barques,France
478,9.46,9.87,11.63,14.09,17.54,21.55,23.92,23.69,20.8,17.51,13.24,10.6,42.51776,3.11373,Port-Vendres,France
479,6.54,8.18,9.1,12.35,15.88,20.25,23.27,23.08,19.61,16.12,11.24,8.29,44.05962,9.84879,Le Grazie,Italia
480,10.43,11.1,12.05,13.48,15.35,17.79,20.0,20.69,19.26,17.0,13.29,11.54,43.15212,-4.91753,Posada de Valdeón,España
481,8.17,9.46,11.69,13.72,17.68,21.99,24.75,24.98,21.72,16.9,11.33,8.86,40.22981,-7.22189,Meimoa,Portugal
482,6.16,8.31,11.28,14.26,19.22,25.03,28.37,27.56,22.44,16.76,10.17,7.03,39.32651,-3.48327,Puerto Lápice,España
483,8.17,9.46,11.69,13.72,17.68,21.99,24.75,24.98,21.72,16.9,11.33,8.86,39.34073,-7.27758,Valencia de Alcántara,España
484,4.94,6.15,9.27,12.5,16.13,20.5,22.61,22.33,18.62,14.66,9.05,5.8,43.5687,2.01246,Puylaurens,France
485,7.11,8.16,10.63,13.15,16.82,21.52,23.89,23.78,20.24,16.68,11.35,7.98,41.93956,2.83923,Palol d'Onyar,España
486,12.4,13.13,14.81,16.58,19.52,22.29,24.31,24.49,22.44,19.92,15.64,13.59,37.07342,-8.07721,Quarteira,Portugal
487,2.16,2.69,5.48,9.73,13.73,17.73,19.44,19.18,15.02,10.8,6.3,3.56,51.79103,11.13946,Quedlinburg,Deutschland
488,4.33,6.07,7.01,10.5,14.86,20.62,23.38,22.76,18.49,13.18,8.62,4.77,42.89456,11.77516,Radicofani,Italia
489,1.63,1.58,3.31,7.19,11.43,14.62,16.58,16.38,13.24,9.55,5.65,2.85,55.70675,9.26554,Vejle Kommune,Danmark
490,6.16,7.14,9.8,12.36,15.69,19.2,20.7,20.56,18.06,14.67,9.53,7.09,43.15689,-0.39716,Rébénacq,France
491,10.66,10.53,12.19,14.44,17.74,22.17,24.92,25.25,22.5,19.44,14.95,12.04,39.98514,4.09242,es Mercadal,España
492,9.46,9.87,11.63,14.09,17.54,21.55,23.92,23.69,20.8,17.51,13.24,10.6,42.41864,2.91386,Cantallops,España
493,4.78,5.89,8.69,11.18,14.48,18.46,20.04,20.04,16.99,13.5,8.14,5.57,42.43908,1.13397,Rialp,España
494,2.33,2.09,4.03,7.6,11.59,14.67,16.73,16.67,14.0,10.36,6.5,3.49,55.32483,8.75769,Ribe,Danmark
495,7.11,8.16,10.63,13.15,16.82,21.52,23.89,23.78,20.24,16.68,11.35,7.98,42.20253,2.19365,Ripoll,España
496,6.53,7.15,9.43,12.15,15.16,18.53,20.59,20.02,17.95,14.78,10.56,7.45,45.94459,-0.95563,Rochefort,France
497,6.77,7.69,10.19,13.14,17.08,21.69,24.18,24.26,20.45,16.44,11.96,7.95,43.3984,10.42847,Rosignano Solvay,Italia
498,0.29,1.27,4.76,9.18,13.15,17.19,18.66,18.39,14.1,9.66,4.66,1.47,49.50721,9.97036,Röttingen,Deutschland
499,2.31,4.09,6.8,11.11,15.41,19.23,20.63,20.12,15.74,11.62,6.19,3.42,47.95573,7.29559,Rouffach,France
500,5.2,6.22,9.06,13.35,17.51,22.1,24.27,23.5,19.49,14.72,10.7,6.41,45.08894,13.64519,Grad Rovinj,Hrvatska
501,7.11,8.16,10.63,13.15,16.82,21.52,23.89,23.78,20.24,16.68,11.35,7.98,42.02585,2.46492,Rupit i Pruit,España
502,2.13,3.62,6.57,10.23,14.32,18.21,19.55,19.06,15.02,11.0,6.16,3.01,47.92057,6.66186,Rupt-sur-Moselle,France
503,4.95,5.71,8.15,10.35,13.52,17.34,19.14,19.27,16.62,13.17,8.34,5.64,42.55933,-2.75989,San Vicente de la Sonsierra,España
504,9.84,10.08,11.54,12.81,15.24,17.85,19.56,19.84,18.53,15.79,12.15,10.63,43.35474,-8.25381,Sada,España
505,8.57,9.23,11.64,14.32,17.92,22.48,24.85,24.57,21.0,17.2,12.22,9.18,42.45764,2.0377,Saillagouse,France
506,6.31,6.56,7.69,9.57,12.32,15.12,17.01,16.84,15.3,12.77,9.4,6.92,48.18293,-3.01287,Saint-Aignan,France
507,4.04,5.14,7.73,11.32,14.65,18.5,20.6,20.28,16.59,12.48,7.69,5.02,46.73438,2.48668,Saint-Amand-Montrond,France
508,6.13,7.05,9.79,12.67,16.05,19.6,21.4,21.03,18.12,14.47,9.81,6.86,45.60424,-0.99979,Saint-Georges-de-Didonne,France
509,2.84,6.59,7.56,11.18,15.49,20.46,21.37,21.36,17.09,12.66,6.76,4.28,48.23244,7.37232,Saint-Hippolyte,France
510,6.13,7.05,9.79,12.67,16.05,19.6,21.4,21.03,18.12,14.47,9.81,6.86,45.94528,-0.53689,Saint-Jean-d'Angély,France
511,4.78,5.89,8.69,11.18,14.48,18.46,20.04,20.04,16.99,13.5,8.14,5.57,43.14181,0.92877,Saint-Martory,France
512,2.13,3.62,6.57,10.23,14.32,18.21,19.55,19.06,15.02,11.0,6.16,3.01,48.04526,6.58173,Saint-Nabord,France
513,6.59,7.49,10.28,12.92,16.21,19.89,21.51,21.39,18.58,14.91,10.03,7.28,45.14795,-0.6049,Saint-Paul,France
514,6.87,7.99,10.42,13.25,16.23,19.55,21.43,21.27,18.85,15.31,10.26,7.7,43.73436,-1.07854,Saint-Paul-lès-Dax,France
515,6.59,7.49,10.28,12.92,16.21,19.89,21.51,21.39,18.58,14.91,10.03,7.28,44.9639,-0.40186,Saint-Romain-la-Virvée,France
516,6.13,7.05,9.79,12.67,16.05,19.6,21.4,21.03,18.12,14.47,9.81,6.86,45.38791,-0.68986,Saint-Thomas-de-Conac,France
517,5.57,5.75,7.57,9.99,12.82,15.78,17.83,17.71,15.92,13.16,9.22,6.42,49.65087,0.16317,Saint-Jouin-Bruneval,France
518,2.76,3.86,7.31,10.88,14.65,18.98,20.74,20.27,16.37,11.83,6.63,3.62,46.84505,4.6331,Saint-Léger-sur-Dheune,France
519,6.75,8.02,10.72,13.99,18.16,22.75,25.62,25.05,20.51,15.98,10.88,7.49,43.26457,6.67275,Saint-Tropez,France
520,4.95,5.71,8.15,10.35,13.52,17.34,19.14,19.27,16.62,13.17,8.34,5.64,42.85337,-2.38521,Agurain/Salvatierra,España
521,4.18,9.0,10.06,12.57,17.93,22.62,25.49,25.1,20.74,16.0,9.58,6.92,41.90606,0.33159,San Esteban de Litera,España
522,3.54,5.44,9.01,13.7,17.94,22.91,24.93,24.33,19.92,14.85,9.65,4.69,45.46794,12.27851,Mestre,Italia
523,9.06,9.82,11.5,13.46,15.86,18.88,21.02,21.26,19.32,16.9,12.65,10.55,43.38525,-1.66291,Saint-Jean-de-Luz,France
524,7.11,8.16,10.63,13.15,16.82,21.52,23.89,23.78,20.24,16.68,11.35,7.98,41.88429,2.50802,Sant Hilari Sacalm,España
525,7.41,10.18,11.69,13.97,18.24,23.55,25.75,25.72,21.93,17.56,11.82,9.29,42.13664,1.59284,Sant Llorenç de Morunys,España
526,6.14,7.24,8.92,11.12,14.15,17.07,18.98,19.07,16.91,13.66,9.12,7.58,43.25778,-7.01861,Santa Eulalia de Oscos,España
527,7.51,7.95,9.56,10.98,13.43,16.31,18.08,18.32,16.93,13.95,9.92,8.37,42.89755,-8.53028,Santiago de Compostela,España
528,9.67,10.48,12.25,14.01,16.56,19.19,20.99,20.97,19.41,16.36,12.17,10.41,42.40952,-8.86183,Soutullo,España
529,4.82,5.89,9.01,11.95,15.22,19.3,20.94,20.65,17.23,13.77,8.6,5.77,44.89558,1.21243,Sarlat-la-Canéda,France
530,6.16,7.14,9.8,12.36,15.69,19.2,20.7,20.56,18.06,14.67,9.53,7.09,43.40312,-0.38763,Sauvagnon,France
531,1.64,1.04,3.19,7.34,11.27,14.48,17.85,14.89,13.01,10.41,3.93,1.1,44.21627,2.31694,Sauveterre-de-Rouergue,France
532,-1.01,-0.32,2.82,7.07,10.71,14.91,16.48,15.98,11.85,7.81,3.21,0.17,47.81525,8.18096,Schluchsee,Deutschland
533,7.78,8.62,11.09,14.64,19.03,23.72,26.53,26.37,21.7,17.08,13.17,9.29,43.51267,16.1796,Seget Vranjica,Hrvatska
534,11.28,12.19,14.2,16.29,19.99,24.43,26.84,26.67,23.67,19.87,14.96,12.22,39.84806,-0.48167,Segorbe,España
535,4.4,6.15,8.56,10.9,15.48,21.0,23.78,23.35,18.96,14.21,7.89,5.85,40.94103,-4.10818,Segovia,España
536,8.23,8.94,10.99,12.94,15.54,18.64,20.55,20.74,18.78,16.17,11.54,9.38,43.6924,-1.42621,Le Penon,France
537,3.23,4.41,7.2,10.67,14.48,18.6,20.35,19.84,15.81,12.04,7.19,4.12,46.26622,4.09068,Semur-en-Brionnais,France
538,8.2,9.04,11.27,14.28,17.82,21.95,24.49,23.99,20.7,17.07,12.41,9.22,43.36629,3.6163,Sète,France
539,2.93,4.07,7.27,11.33,14.69,18.87,20.84,19.89,16.42,12.3,6.97,3.79,47.00408,5.14326,Seurre,France
540,10.91,12.62,15.17,17.62,21.82,25.82,28.25,28.31,24.82,20.69,14.81,12.04,37.3662,-5.9939,Sevilla,España
541,0.86,0.77,3.01,7.01,11.57,15.64,17.93,17.15,13.54,9.32,5.59,2.35,56.06374,14.5712,Sölvesborg,Sverige
542,9.24,9.73,11.87,13.61,16.28,19.52,21.35,21.71,19.82,17.14,12.48,10.34,43.37371,-2.98962,Sopelana,España
543,5.41,6.48,9.39,11.75,15.23,19.61,21.47,21.69,18.69,14.79,9.16,5.98,42.49142,-1.21393,Sos del Rey Católico,España
544,5.22,6.17,8.84,11.27,14.62,18.4,19.91,19.96,17.3,13.86,8.55,6.17,42.95579,-0.07255,Soulom,France
545,4.82,5.89,9.01,11.95,15.22,19.3,20.94,20.65,17.23,13.77,8.6,5.77,44.47074,1.68069,Saint-Cirq-Lapopie,France
546,7.24,8.4,10.25,11.69,14.85,18.41,20.06,20.12,18.6,16.32,11.75,8.2,46.2274,-1.54642,Le Gillieux,France
547,4.82,5.89,9.01,11.95,15.22,19.3,20.94,20.65,17.23,13.77,8.6,5.77,44.86838,1.04382,Saint-Cyprien,France
548,4.77,6.89,9.1,11.93,15.58,19.61,21.33,20.99,16.72,13.63,8.1,6.11,45.01234,1.08971,Saint-Léon-sur-Vézère,France
549,5.84,6.85,9.78,12.59,15.88,19.68,21.38,21.32,18.12,14.33,9.19,6.51,43.7592,-0.57572,Saint-Sever,France
550,6.59,7.49,10.28,12.92,16.21,19.89,21.51,21.39,18.58,14.91,10.03,7.28,45.14921,-0.82118,Saint-Laurent-Médoc,France
551,7.84,8.57,10.68,13.12,16.05,19.15,21.24,21.09,19.21,16.03,11.49,8.76,44.30765,-1.18127,Sainte-Eulalie-en-Born,France
552,4.53,5.05,7.32,10.12,13.4,16.99,18.71,18.35,15.36,11.91,7.79,5.02,48.40216,-0.08907,Saint-Pierre-des-Nids,France
553,4.53,5.06,7.15,9.88,12.9,15.98,17.79,17.81,15.32,12.12,8.0,5.21,50.1825,1.62888,Saint-Valery-sur-Somme,France
554,2.4,2.88,5.25,9.43,13.28,16.58,18.4,18.11,14.53,10.53,6.36,3.41,53.11381,8.83575,Bremen,Deutschland
555,0.99,0.64,3.01,7.12,11.5,15.5,17.66,16.79,13.28,9.35,5.69,1.86,56.28647,13.33925,Örkelljunga kommun,Sverige
556,4.12,5.44,8.52,11.83,16.02,20.67,23.34,22.6,18.19,13.62,8.2,4.6,43.76075,6.15109,Sainte-Croix-du-Verdon,France
557,1.12,1.85,4.97,9.16,13.36,17.08,18.5,17.84,13.52,9.6,5.33,2.14,50.31584,9.46043,Steinau an der Straße,Deutschland
558,11.28,12.19,14.2,16.29,19.99,24.43,26.84,26.67,23.67,19.87,14.96,12.22,39.95357,-0.33495,Suera / Sueras,España
559,4.04,7.15,8.19,11.13,14.81,18.75,20.29,20.49,16.79,12.77,7.77,5.72,47.77111,2.38452,Sully-sur-Loire,France
560,-2.15,1.43,2.27,5.72,8.82,14.6,16.32,15.62,12.21,8.46,3.18,0.03,46.31086,7.63475,Susten,Schweiz/Suisse/Svizzera/Svizra
561,7.11,8.16,10.63,13.15,16.82,21.52,23.89,23.78,20.24,16.68,11.35,7.98,42.08313,3.05739,Tor,España
562,7.24,8.4,10.25,11.69,14.85,18.41,20.06,20.12,18.6,16.32,11.75,8.2,46.46716,-1.61555,Talmont-Saint-Hilaire,France
563,4.18,9.0,10.06,12.57,17.93,22.62,25.49,25.1,20.74,16.0,9.58,6.92,41.86307,0.428,Tamarite de Litera,España
564,6.14,7.24,8.92,11.12,14.15,17.07,18.98,19.07,16.91,13.66,9.12,7.58,43.56608,-6.94606,Tapia de Casariego,España
565,6.14,7.24,8.92,11.12,14.15,17.07,18.98,19.07,16.91,13.66,9.12,7.58,43.35971,-7.10734,Taramundi,España
566,7.89,8.54,10.68,13.3,16.29,19.56,21.63,21.46,19.31,16.13,11.66,8.83,44.7171,-1.06977,Lanton,France
567,7.11,8.16,10.63,13.15,16.82,21.52,23.89,23.78,20.24,16.68,11.35,7.98,41.99468,2.41583,Tavertet,España
568,7.66,9.74,11.8,14.41,17.79,20.65,23.49,23.15,20.33,16.06,10.69,8.7,42.33262,-8.0131,Cenlle,España
569,6.6,8.33,11.11,14.24,18.21,23.06,25.42,25.07,21.2,16.55,10.69,7.0,41.99417,-1.68778,Cascante,España
570,2.31,4.09,6.8,11.11,15.41,19.23,20.63,20.12,15.74,11.62,6.19,3.42,47.81144,7.10502,Thann,France
571,2.31,4.09,6.8,11.11,15.41,19.23,20.63,20.12,15.74,11.62,6.19,3.42,47.80879,7.10433,Thann,France
572,5.01,6.03,9.11,12.79,16.45,21.08,23.76,22.91,19.05,14.21,8.84,5.51,44.67232,4.21924,Thueyts,France
573,6.93,9.06,10.04,13.32,18.28,23.05,26.32,25.29,21.68,16.83,12.14,8.73,41.95863,12.80404,Tivoli,Italia
574,8.27,8.61,10.39,11.87,14.24,17.09,18.79,19.36,17.88,15.75,11.41,9.51,43.13389,-2.08383,Tolosa,España
575,4.33,4.44,5.85,7.94,10.36,13.09,14.91,14.54,12.93,9.83,6.76,4.41,57.25084,-3.37592,Tomintoul,United Kingdom
576,3.87,5.68,8.45,10.78,14.92,20.0,22.6,22.26,18.43,13.46,7.5,4.71,42.03667,-4.31611,Torquemada,España
577,7.86,9.5,12.11,14.64,19.2,24.39,27.39,27.2,23.09,17.76,11.61,8.71,40.22075,-6.57148,Torre de Don Miguel,España
578,6.27,7.54,9.84,11.85,15.42,18.54,21.39,21.5,18.77,14.62,9.3,6.94,41.18093,-7.0418,Torre de Moncorvo,Portugal
579,3.77,5.86,8.92,11.44,16.05,21.38,24.38,23.22,18.58,13.75,7.71,4.61,40.09388,-1.25381,Torrebaja,España
580,10.57,11.81,14.23,16.68,20.55,25.09,27.47,27.33,23.78,19.69,14.25,10.93,40.80278,0.51417,Tortosa,España
581,4.01,4.9,7.3,10.48,13.86,16.99,18.85,18.66,15.63,11.92,7.82,4.87,50.60409,3.38181,Tournai,België / Belgique / Belgien
582,4.31,7.57,9.26,12.25,16.55,21.68,23.5,22.85,18.99,14.42,8.32,5.87,45.07314,4.82221,Tournon-sur-Rhône,France
583,6.94,6.86,7.98,9.8,12.34,14.9,16.8,16.59,15.26,12.99,9.84,7.52,48.79041,-3.23074,Tréguier,France
584,2.8,3.62,6.63,10.63,14.23,18.24,19.88,19.22,15.06,11.01,6.98,4.12,49.74087,6.62492,Trier,Deutschland
585,4.75,5.75,8.15,11.28,14.38,17.95,19.96,19.21,16.21,12.74,8.17,5.39,47.22557,0.02328,Turquant,France
586,8.71,10.69,12.87,15.32,20.33,25.33,29.09,28.44,23.28,18.82,12.46,10.16,38.0065,-3.37933,Úbeda,España
587,5.08,6.47,9.3,12.0,16.89,22.54,25.83,25.33,20.24,15.15,8.79,6.04,39.98667,-2.85972,Uclés,España
588,-0.43,1.0,4.54,9.08,13.02,17.21,18.36,17.98,13.77,9.22,3.97,0.55,48.40741,10.0095,Ulm,Deutschland
589,5.41,6.48,9.39,11.75,15.23,19.61,21.47,21.69,18.69,14.79,9.16,5.98,42.36,-1.12807,Uncastillo,España
590,1.12,2.66,6.37,10.03,13.7,18.34,20.68,20.07,15.8,11.47,5.77,2.06,44.24285,6.62205,Allos,France
591,3.28,4.89,7.72,10.16,14.05,18.6,20.76,20.41,17.14,12.3,6.88,4.19,42.28755,-5.5131,Valencia de Don Juan,España
592,3.9,5.56,8.49,11.02,15.19,20.03,22.56,22.24,18.33,13.42,7.51,4.66,41.65579,-4.73697,Valladolid,España
593,9.31,10.21,12.24,14.51,17.76,22.05,24.68,24.99,22.11,18.44,13.27,10.14,41.38233,1.92724,Vallirana,España
594,8.44,11.47,10.2,12.16,20.47,24.83,28.03,27.28,22.49,19.59,11.8,11.07,37.1952,-2.98435,Dólar,España
595,2.48,5.57,7.97,12.66,17.01,23.04,24.8,23.58,19.15,14.2,8.43,2.87,45.33437,8.419,Vercelli,Italia
596,8.57,9.23,11.64,14.32,17.92,22.48,24.85,24.57,21.0,17.2,12.22,9.18,42.54287,2.39088,Vernet-les-Bains,France
597,4.82,5.89,9.01,11.95,15.22,19.3,20.94,20.65,17.23,13.77,8.6,5.77,44.48557,1.55517,Saint-Géry-Vers,France
598,7.11,8.16,10.63,13.15,16.82,21.52,23.89,23.78,20.24,16.68,11.35,7.98,41.93452,2.24112,Vic,España
599,8.35,9.16,10.86,12.35,14.87,17.6,19.35,19.58,18.16,15.05,10.79,9.09,41.93786,-8.74717,Vila Nova de Cerveira,Portugal
600,7.11,8.16,10.63,13.15,16.82,21.52,23.89,23.78,20.24,16.68,11.35,7.98,41.84548,2.38737,Viladrau,España
601,9.31,10.21,12.24,14.51,17.76,22.05,24.68,24.99,22.11,18.44,13.27,10.14,41.34035,1.69125,Vilafranca del Penedès,España
602,11.9,13.43,16.07,18.9,23.05,27.65,30.24,29.95,26.07,21.7,15.79,12.63,37.52579,-1.43387,Lorca,España
603,6.14,7.24,8.92,11.12,14.15,17.07,18.98,19.07,16.91,13.66,9.12,7.58,43.29575,-7.67702,Vilalba,España
604,6.14,7.24,8.92,11.12,14.15,17.07,18.98,19.07,16.91,13.66,9.12,7.58,43.31052,-6.98628,Villanueva de Oscos,España
605,4.97,5.73,8.37,11.17,14.58,18.47,20.16,19.93,16.68,12.89,8.38,5.5,47.5447,0.88706,Villedômer,France
606,3.41,4.42,7.18,10.77,14.4,18.46,20.42,19.7,15.96,12.54,7.43,4.33,46.39577,2.85695,Villefranche-d'Allier,France
607,5.36,6.21,9.18,12.09,15.77,19.66,21.34,20.84,17.37,13.83,8.89,5.9,44.63844,0.74033,Villeréal,France
608,4.66,6.18,8.84,11.11,15.02,19.43,22.02,21.81,18.35,13.35,7.84,5.29,41.83382,-7.00304,Vinhais,Portugal
609,6.77,7.69,10.19,13.14,17.08,21.69,24.18,24.26,20.45,16.44,11.96,7.95,43.40271,10.86199,Volterra,Italia
610,4.97,5.73,8.37,11.17,14.58,18.47,20.16,19.93,16.68,12.89,8.38,5.5,47.40943,0.7975,Vouvray,France
611,2.65,3.07,5.11,6.97,12.49,18.27,18.67,18.64,14.79,11.88,6.53,2.37,52.88354,9.59644,Walsrode,Deutschland
612,1.51,2.38,5.78,10.51,14.71,18.86,20.4,19.88,15.16,10.61,6.22,3.08,51.05696,13.74265,Dresden,Deutschland
613,1.55,2.39,4.28,6.17,12.22,18.34,18.28,18.09,14.2,11.02,5.59,2.08,51.34575,9.85379,Witzenhausen,Deutschland
614,7.66,9.74,11.8,14.41,17.79,20.65,23.49,23.15,20.33,16.06,10.69,8.7,42.06222,-7.71944,Xinzo de Limia,España
615,8.27,8.61,10.39,11.87,14.24,17.09,18.79,19.36,17.88,15.75,11.41,9.51,43.27792,-2.17018,Zarautz,España
616,4.95,5.71,8.15,10.35,13.52,17.34,19.14,19.27,16.62,13.17,8.34,5.64,42.97597,-2.29271,Zegama,España
617,8.27,8.61,10.39,11.87,14.24,17.09,18.79,19.36,17.88,15.75,11.41,9.51,43.24086,-2.26089,Zestoa,España
618,4.99,5.24,7.08,9.74,12.78,16.26,18.34,18.51,16.29,13.26,8.98,6.27,51.19494,3.22329,Brugge,België / Belgique / Belgien
619,9.08,11.03,13.84,16.65,21.12,26.09,29.08,28.96,24.76,19.6,13.14,10.09,37.46667,-4.42401,Cabra,España
620,3.37,4.71,7.08,10.3,14.01,17.44,19.16,18.99,15.42,11.7,7.22,4.06,49.24885,4.02116,Reims,France
621,9.83,11.33,13.8,16.2,20.16,24.36,27.32,27.57,24.19,20.05,13.99,11.22,36.7569,-5.50707,El Bosque,España
622,5.08,6.47,9.3,12.0,16.89,22.54,25.83,25.33,20.24,15.15,8.79,6.04,39.86712,-2.57221,Zafra de Záncara,España
623,9.59,9.72,11.32,12.71,14.99,17.8,19.7,20.14,18.49,16.41,12.51,10.64,43.34486,-3.74168,Calgar,España
624,4.95,5.71,8.15,10.35,13.52,17.34,19.14,19.27,16.62,13.17,8.34,5.64,42.68846,-2.95483,Miranda de Ebro,España
625,6.27,7.54,9.84,11.85,15.42,18.54,21.39,21.5,18.77,14.62,9.3,6.94,41.15572,-7.78032,Peso da Régua,Portugal
626,8.87,10.73,13.62,16.04,20.4,24.65,26.98,27.02,23.72,18.8,12.85,9.8,38.42517,-6.41077,Zafra,España
627,9.88,11.0,12.57,14.22,16.71,18.13,19.72,19.71,19.27,16.94,12.81,11.32,39.66134,-8.8253,Batalha,Portugal
628,9.59,9.72,11.32,12.71,14.99,17.8,19.7,20.14,18.49,16.41,12.51,10.64,42.87147,-4.49976,Cervera de Pisuerga,España
629,3.9,5.56,8.49,11.02,15.19,20.03,22.56,22.24,18.33,13.42,7.51,4.66,41.40168,-4.32033,Cuéllar,España
630,7.66,9.74,11.8,14.41,17.79,20.65,23.49,23.15,20.33,16.06,10.69,8.7,42.60598,-7.77989,Chantada,España
631,5.25,5.48,7.18,9.75,12.5,15.2,17.33,17.63,15.91,13.07,9.09,6.37,50.67968,1.56637,Équihen-Plage,France
632,3.87,5.68,8.45,10.78,14.92,20.0,22.6,22.26,18.43,13.46,7.5,4.71,42.00401,-4.53493,Palencia,España
633,5.84,6.85,9.78,12.59,15.88,19.68,21.38,21.32,18.12,14.33,9.19,6.51,43.88982,-0.47566,Mont-de-Marsan,France
634,7.86,9.5,12.11,14.64,19.2,24.39,27.39,27.2,23.09,17.76,11.61,8.71,39.47993,-6.37121,Cáceres,España
635,6.26,8.31,11.11,14.06,18.6,23.86,26.79,26.21,21.56,16.63,10.22,7.26,37.44227,-4.21184,Priego de Córdoba,España
636,6.03,7.07,9.89,12.47,16.25,20.76,22.74,22.55,19.08,14.82,9.48,6.37,42.51945,-2.35994,Viana,España
637,2.13,3.62,6.57,10.23,14.32,18.21,19.55,19.06,15.02,11.0,6.16,3.01,47.62942,6.12669,Vaivre-et-Montoille,France
638,7.66,9.74,11.8,14.41,17.79,20.65,23.49,23.15,20.33,16.06,10.69,8.7,42.21444,-8.03306,Cartelle,España
639,7.41,10.18,11.69,13.97,18.24,23.55,25.75,25.72,21.93,17.56,11.82,9.29,41.63603,2.40798,Llinars del Vallès,España
640,4.95,5.71,8.15,10.35,13.52,17.34,19.14,19.27,16.62,13.17,8.34,5.64,42.86667,-2.68501,Vitoria-Gasteiz,España
641,9.51,10.61,12.91,15.16,18.72,23.09,25.63,25.68,22.49,18.55,13.32,10.23,41.28071,1.58177,Banyeres del Penedès,España
642,6.93,9.06,10.04,13.32,18.28,23.05,26.32,25.29,21.68,16.83,12.14,8.73,41.8758,12.55554,Roma,Italia
643,5.22,6.17,8.84,11.27,14.62,18.4,19.91,19.96,17.3,13.86,8.55,6.17,42.95853,-0.20743,Marsous,France
644,-0.9,1.33,3.46,8.15,12.97,18.47,18.85,19.04,13.94,9.59,5.13,1.31,50.0277,19.20162,Oświęcim,Polska
645,7.11,8.16,10.63,13.15,16.82,21.52,23.89,23.78,20.24,16.68,11.35,7.98,41.85607,3.13588,Palamós,España
646,7.66,9.74,11.8,14.41,17.79,20.65,23.49,23.15,20.33,16.06,10.69,8.7,42.2857,-8.14286,Ribadavia,España
647,3.87,5.68,8.45,10.78,14.92,20.0,22.6,22.26,18.43,13.46,7.5,4.71,42.10985,-4.64336,Becerril de Campos,España
648,6.59,7.49,10.28,12.92,16.21,19.89,21.51,21.39,18.58,14.91,10.03,7.28,44.63855,-0.31691,Cadillac-sur-Garonne,France
649,1.05,4.07,7.06,10.84,15.18,19.99,22.28,21.19,16.91,12.3,5.25,0.07,45.61159,7.73268,Hône,Italia
650,6.77,7.69,10.19,13.14,17.08,21.69,24.18,24.26,20.45,16.44,11.96,7.95,43.72144,10.41937,Pisa,Italia
651,3.83,6.69,9.94,13.22,18.41,23.9,26.57,25.02,20.7,16.08,9.53,4.5,44.54056,10.82639,Fiorano Modenese,Italia
652,9.67,10.48,12.25,14.01,16.56,19.19,20.99,20.97,19.41,16.36,12.17,10.41,42.43789,-8.69432,Poio,España
653,7.11,8.16,10.63,13.15,16.82,21.52,23.89,23.78,20.24,16.68,11.35,7.98,41.90752,2.74256,Vilobí d'Onyar,España
654,3.41,4.42,7.18,10.77,14.4,18.46,20.42,19.7,15.96,12.54,7.43,4.33,46.02611,3.2031,Aigueperse,France
655,10.57,11.81,14.23,16.68,20.55,25.09,27.47,27.33,23.78,19.69,14.25,10.93,41.05194,-0.13911,Alcañiz,España
656,6.27,7.54,9.84,11.85,15.42,18.54,21.39,21.5,18.77,14.62,9.3,6.94,40.72902,-6.90168,Almeida,Portugal
657,9.67,10.48,12.25,14.01,16.56,19.19,20.99,20.97,19.41,16.36,12.17,10.41,42.33949,-8.61309,Soutomaior,España
658,9.69,10.51,12.13,13.94,16.16,17.61,19.17,19.13,18.66,16.78,12.35,10.9,40.92608,-8.25131,Arouca,Portugal
659,5.5,8.11,11.78,14.97,19.31,24.24,26.48,25.88,21.67,16.9,10.21,5.9,41.89256,1.04297,Artesa de Segre,España
660,12.71,14.44,15.46,16.85,20.23,21.73,24.54,25.02,23.76,21.16,16.87,14.86,36.23606,-6.06861,Vejer de la Frontera,España
661,9.61,9.82,11.02,12.16,14.33,16.94,18.82,19.38,17.99,15.65,11.99,10.45,43.55107,-5.9139,Avilés,España
662,10.89,13.02,14.35,16.53,20.59,23.29,26.16,26.22,23.48,20.08,15.07,12.72,37.21012,-7.40662,Ayamonte,España
663,1.05,4.07,7.06,10.84,15.18,19.99,22.28,21.19,16.91,12.3,5.25,0.07,45.70125,7.23933,Aymavilles,Italia
664,4.93,6.76,9.52,12.37,16.77,22.31,25.8,25.16,20.32,15.38,8.9,5.91,39.05604,-1.0526,Ayora,España
665,8.57,9.23,11.64,14.32,17.92,22.48,24.85,24.57,21.0,17.2,12.22,9.18,42.48707,1.94485,Dorres,France
666,1.58,4.76,6.52,9.06,13.99,20.09,20.63,19.98,16.08,12.59,6.36,3.41,47.54913,7.94716,Bad Säckingen,Deutschland
667,1.9,2.55,5.95,10.36,14.15,18.37,19.88,19.17,15.16,10.58,5.75,2.68,48.50058,9.37535,Bad Urach,Deutschland
668,-0.16,3.18,4.88,6.52,11.7,18.21,18.22,17.86,14.19,11.8,5.06,2.1,48.51022,8.37201,Baiersbronn,Deutschland
669,1.03,2.13,4.93,10.25,14.63,17.28,19.12,17.66,14.62,11.5,4.73,1.05,47.8132,6.84149,Lepuix,France
670,12.71,14.44,15.46,16.85,20.23,21.73,24.54,25.02,23.76,21.16,16.87,14.86,36.18389,-5.93573,Barbate,España
671,7.67,7.84,9.44,11.69,14.56,17.59,19.36,19.03,17.43,14.66,11.47,8.86,46.73153,-1.91144,Saint-Hilaire-de-Riez,France
672,10.57,11.81,14.23,16.68,20.55,25.09,27.47,27.33,23.78,19.69,14.25,10.93,40.40415,0.41969,Benicarló,España
673,11.28,12.19,14.2,16.29,19.99,24.43,26.84,26.67,23.67,19.87,14.96,12.22,40.05584,0.06073,Benicàssim / Benicasim,España
674,7.11,8.16,10.63,13.15,16.82,21.52,23.89,23.78,20.24,16.68,11.35,7.98,42.19906,2.70398,Besalú,España
675,2.72,4.05,7.04,10.93,14.49,18.54,20.3,19.7,15.87,11.81,6.68,3.75,47.23705,6.01637,Besançon,France
676,4.24,6.62,9.66,12.27,16.9,21.36,24.23,23.19,19.29,14.63,8.3,5.81,41.50344,-5.75641,Zamora,España
677,2.87,4.63,7.41,11.44,15.18,19.33,21.14,20.42,16.33,12.59,7.11,3.88,46.20901,5.24037,Bourg-en-Bresse,France
678,5.52,6.67,9.62,12.54,16.15,20.16,22.11,21.64,18.45,14.54,9.3,6.28,44.25642,0.30669,Buzet-sur-Baïse,France
679,7.11,8.16,10.63,13.15,16.82,21.52,23.89,23.78,20.24,16.68,11.35,7.98,41.8394,2.8117,Caldes de Malavella,España
680,12.17,13.07,14.59,16.64,19.77,23.6,25.95,26.44,23.67,19.76,15.41,13.16,36.74863,-4.06588,Vélez-Málaga,España
681,2.07,5.54,8.96,12.78,16.52,22.34,24.37,23.17,18.86,13.56,8.03,3.13,45.87961,10.85896,Riva del Garda,Italia
682,0.87,2.94,7.04,11.72,16.02,20.5,22.07,21.54,16.22,11.7,6.96,1.97,46.02136,14.52279,Ljubljana,Slovenija
683,12.4,13.13,14.81,16.58,19.52,22.29,24.31,24.49,22.44,19.92,15.64,13.59,37.27904,-8.24188,São Bartolomeu de Messines,Portugal
684,0.39,2.52,6.22,11.3,15.66,19.96,21.5,20.78,15.82,11.19,6.45,1.41,46.42258,15.85308,Ptuj,Slovenija
685,7.11,8.16,10.63,13.15,16.82,21.52,23.89,23.78,20.24,16.68,11.35,7.98,42.04229,2.40465,l'Esquirol,España
686,11.41,12.96,14.2,16.21,20.07,23.99,26.89,26.89,24.03,19.88,15.27,12.87,38.59583,-0.66696,Castalla,España
687,4.36,5.0,7.65,10.81,14.14,17.87,20.31,19.58,16.44,12.63,7.85,5.06,47.61606,1.51092,Chambord,France
688,4.12,4.73,7.3,10.48,13.96,17.49,19.69,19.17,15.76,12.09,7.48,4.66,48.07147,1.32427,Châteaudun,France
689,6.59,7.49,10.28,12.92,16.21,19.89,21.51,21.39,18.58,14.91,10.03,7.28,45.13589,-0.66431,Blaye,France
690,6.1,6.01,7.28,9.29,11.8,14.55,16.6,16.34,15.04,12.56,9.27,6.98,49.64244,-1.61778,Cherbourg-en-Cotentin,France
691,10.86,12.15,14.07,16.21,19.49,22.32,24.26,24.7,22.7,19.89,14.89,12.33,36.74466,-6.42693,Chipiona,España
692,6.82,7.94,10.78,13.97,18.05,22.69,25.25,24.59,20.52,16.2,10.86,7.5,43.85402,4.60863,Comps,France
693,2.4,2.88,5.25,9.43,13.28,16.58,18.4,18.11,14.53,10.53,6.36,3.41,53.04737,8.62435,Delmenhorst,Deutschland
694,3.23,4.41,7.2,10.67,14.48,18.6,20.35,19.84,15.81,12.04,7.19,4.12,46.51844,3.685,Dompierre-sur-Besbre,France
695,4.97,5.73,8.37,11.17,14.58,18.47,20.16,19.93,16.68,12.89,8.38,5.5,47.36676,0.7001,Tours,France
696,3.87,5.68,8.45,10.78,14.92,20.0,22.6,22.26,18.43,13.46,7.5,4.71,41.87573,-4.5421,Dueñas,España
697,5.36,6.21,9.18,12.09,15.77,19.66,21.34,20.84,17.37,13.83,8.89,5.9,44.67771,0.17821,Duras,France
698,1.03,4.81,8.68,13.0,17.02,22.92,24.11,23.04,18.85,12.94,6.36,1.39,46.32109,11.27422,Neumarkt - Egna,Italia
699,4.95,5.71,8.15,10.35,13.52,17.34,19.14,19.27,16.62,13.17,8.34,5.64,43.12844,-2.54642,Elorrio,España
700,-3.23,-0.63,-1.28,2.09,6.49,13.62,14.55,13.76,9.75,6.34,2.04,-1.32,46.27556,13.95919,Bohinjska Bistrica,Slovenija
701,3.97,4.31,6.96,9.62,12.82,17.31,19.34,18.91,15.17,11.92,7.2,5.15,46.33466,2.55863,Prémilhat,France
702,11.6,12.22,14.08,16.2,19.49,23.56,26.22,26.65,23.98,20.18,15.25,12.52,38.20814,-0.57419,Santa Pola,España
703,7.51,7.95,9.56,10.98,13.43,16.31,18.08,18.32,16.93,13.95,9.92,8.37,42.91107,-9.26357,Fisterra,España
704,2.49,2.16,3.59,6.51,9.93,13.1,15.54,15.89,13.58,10.08,6.48,3.62,58.29303,6.66331,Flekkefjord,Norge
705,4.78,5.89,8.69,11.18,14.48,18.46,20.04,20.04,16.99,13.5,8.14,5.57,42.96102,1.6111,Foix,France
706,5.91,7.15,10.2,13.76,17.71,22.33,25.01,24.06,19.92,15.55,10.1,6.37,43.92037,5.12466,Fontaine-de-Vaucluse,France
707,-1.51,-1.61,0.67,5.52,10.74,14.95,16.78,15.35,11.54,7.32,3.6,-0.05,57.44935,14.10038,Skillingaryd,Sverige
708,2.64,3.68,6.81,11.2,15.09,19.07,20.41,19.67,15.96,11.56,6.7,3.71,48.40219,8.00692,Gengenbach,Deutschland
709,4.97,5.73,8.37,11.17,14.58,18.47,20.16,19.93,16.68,12.89,8.38,5.5,47.39252,0.19693,Gizeux,France
710,6.54,6.73,8.28,10.37,13.09,15.97,17.77,17.57,15.93,13.13,9.68,7.03,48.83506,-1.6098,Granville,France
711,5.51,6.02,7.65,9.82,12.84,15.96,17.86,17.86,15.61,12.48,8.87,6.24,48.98728,-0.95044,Torigny-les-Villes,France
712,2.2,2.64,4.88,9.06,13.05,16.39,18.3,18.05,14.56,10.52,6.29,3.25,53.5435,10.02664,Hamburg,Deutschland
713,4.92,5.25,7.24,9.78,12.56,15.62,17.47,17.03,15.12,12.2,8.22,5.64,49.41905,0.24127,Honfleur,France
714,8.27,8.61,10.39,11.87,14.24,17.09,18.79,19.36,17.88,15.75,11.41,9.51,43.0468,-2.21222,Beasain,España
715,11.11,11.99,12.99,15.45,19.12,24.64,27.31,27.53,24.45,20.32,16.5,12.98,37.07083,15.26211,Siracusa,Italia
716,6.16,6.66,7.75,9.27,12.51,15.59,17.76,17.53,16.58,14.46,9.61,6.39,49.32162,-1.10455,Isigny-sur-Mer,France
717,9.57,10.51,12.3,13.76,16.36,18.82,20.33,20.83,19.64,16.97,12.46,10.62,40.33355,-7.86769,Nogueira do Cravo,Portugal
718,-6.27,-3.8,-3.96,-1.12,2.05,8.88,9.67,9.21,6.03,3.34,-1.19,-4.09,47.34618,11.70344,Schwaz,Österreich
719,-4.17,0.08,2.49,6.7,11.61,16.93,17.92,17.1,12.8,7.96,2.39,-2.35,46.48741,13.77486,Podkoren,Slovenija
720,9.08,11.03,13.84,16.65,21.12,26.09,29.08,28.96,24.76,19.6,13.14,10.09,37.54655,-4.35238,Doña Mencía,España
721,7.41,10.18,11.69,13.97,18.24,23.55,25.75,25.72,21.93,17.56,11.82,9.29,41.66999,2.28767,la Garriga,España
722,5.22,6.17,8.84,11.27,14.62,18.4,19.91,19.96,17.3,13.86,8.55,6.17,42.93603,0.30115,Campan,France
723,4.92,5.25,7.24,9.78,12.56,15.62,17.47,17.03,15.12,12.2,8.22,5.64,49.40871,0.26809,La Rivière-Saint-Sauveur,France
724,3.41,4.64,7.21,10.95,14.68,18.39,20.25,19.73,15.64,11.98,7.37,4.51,48.55066,4.76828,Giffaumont-Champaubert,France
725,6.87,7.99,10.42,13.25,16.23,19.55,21.43,21.27,18.85,15.31,10.26,7.7,43.88531,-1.31959,Léon,France
726,-2.81,-0.99,-1.34,1.26,5.31,10.97,13.45,12.85,9.42,5.69,0.64,-1.68,46.42472,8.40803,Formazza,Italia
727,-0.53,0.23,3.3,7.36,11.24,15.37,16.69,16.42,12.41,8.78,3.94,0.84,48.55089,8.49376,Grömbach,Deutschland
728,9.59,9.72,11.32,12.71,14.99,17.8,19.7,20.14,18.49,16.41,12.51,10.64,43.38869,-4.21005,Alfoz de Lloredo,España
729,10.38,10.37,11.61,12.71,14.75,17.47,19.51,20.16,18.71,16.83,13.2,11.49,43.47226,-3.80283,Santander,España
730,10.91,12.62,15.17,17.62,21.82,25.82,28.25,28.31,24.82,20.69,14.81,12.04,38.27477,-5.81841,Berlanga,España
731,7.16,7.11,8.32,9.98,12.58,15.26,16.86,16.68,15.19,12.82,9.88,7.77,48.55991,-4.33531,Le Folgoët,France
732,6.96,6.76,7.88,9.88,12.51,15.23,17.12,17.16,15.91,13.46,10.34,7.85,49.21853,-1.53643,Lessay,France
733,-2.29,1.03,2.78,5.12,10.26,16.25,16.59,15.69,12.17,9.19,2.84,-0.12,47.60084,9.87574,Lindenberg im Allgäu,Deutschland
734,2.61,3.67,6.6,10.37,14.39,18.46,20.18,19.55,15.38,11.33,6.69,3.71,48.74658,6.05772,Liverdun,France
735,10.43,11.1,12.05,13.48,15.35,17.79,20.0,20.69,19.26,17.0,13.29,11.54,43.42392,-4.76797,Llanes,España
736,5.57,6.36,8.73,11.54,14.95,18.84,20.54,20.19,17.37,13.85,9.07,6.12,46.04692,-0.50656,Loulay,France
737,0.39,2.52,6.22,11.3,15.66,19.96,21.5,20.78,15.82,11.19,6.45,1.41,46.55944,15.65611,Maribor,Slovenija
738,12.17,13.07,14.59,16.64,19.77,23.6,25.95,26.44,23.67,19.76,15.41,13.16,36.71393,-4.3171,Málaga,España
739,4.6,6.36,8.8,12.66,16.51,21.32,24.51,23.94,19.16,14.19,9.67,5.78,43.09588,11.78748,Montepulciano,Italia
740,5.84,6.85,9.78,12.59,15.88,19.68,21.38,21.32,18.12,14.33,9.19,6.51,44.03867,-0.90964,Morcenx-la-Nouvelle,France
741,2.31,4.09,6.8,11.11,15.41,19.23,20.63,20.12,15.74,11.62,6.19,3.42,47.92328,7.16034,Murbach,France
742,1.58,4.76,6.52,9.06,13.99,20.09,20.63,19.98,16.08,12.59,6.36,3.41,47.55204,8.02434,Murg,Deutschland
743,4.95,5.71,8.15,10.35,13.52,17.34,19.14,19.27,16.62,13.17,8.34,5.64,42.81948,-2.79847,Nanclares de la Oca/Langraiz Oka,España
744,4.08,4.8,7.83,10.66,13.87,17.86,19.43,19.3,16.18,12.67,7.75,5.11,45.92572,1.17228,Nieul,France
745,9.67,10.48,12.25,14.01,16.56,19.19,20.99,20.97,19.41,16.36,12.17,10.41,42.45523,-8.92649,O Grove,España
746,4.78,5.89,8.69,11.18,14.48,18.46,20.04,20.04,16.99,13.5,8.14,5.57,42.55583,1.53273,Ordino,Andorra
747,9.83,11.33,13.8,16.2,20.16,24.36,27.32,27.57,24.19,20.05,13.99,11.22,37.23111,-5.097,Osuna,España
748,8.92,9.95,11.91,14.95,18.31,22.52,24.98,25.19,22.07,17.83,13.29,10.2,44.6405,8.64986,Ovada,Italia
749,6.03,7.07,9.89,12.47,16.25,20.76,22.74,22.55,19.08,14.82,9.48,6.37,42.50917,-2.442,Oyón/Oion,España
750,7.51,7.95,9.56,10.98,13.43,16.31,18.08,18.32,16.93,13.95,9.92,8.37,42.73239,-8.66132,Padrón,España
751,5.41,6.48,9.39,11.75,15.23,19.61,21.47,21.69,18.69,14.79,9.16,5.98,42.82093,-1.65645,Pamplona/Iruña,España
752,7.11,8.16,10.63,13.15,16.82,21.52,23.89,23.78,20.24,16.68,11.35,7.98,41.99033,2.80144,Girona,España
753,6.5,7.44,10.32,14.38,18.76,23.33,25.42,25.33,20.81,16.35,12.03,8.04,45.53797,13.73781,Koper / Capodistria,Slovenija
754,12.4,13.13,14.81,16.58,19.52,22.29,24.31,24.49,22.44,19.92,15.64,13.59,37.09265,-8.3116,Guia,Portugal
755,9.46,9.87,11.63,14.09,17.54,21.55,23.92,23.69,20.8,17.51,13.24,10.6,42.30594,3.00851,Peralada,España
756,4.18,9.0,10.06,12.57,17.93,22.62,25.49,25.1,20.74,16.0,9.58,6.92,41.99386,0.38891,Peralta de Calasanz,España
757,1.9,2.55,5.95,10.36,14.15,18.37,19.88,19.17,15.16,10.58,5.75,2.68,48.45525,9.228,Pfullingen,Deutschland
758,-4.49,-2.13,-2.15,0.87,4.73,11.36,12.94,12.4,9.11,5.32,0.93,-2.72,46.16554,12.0588,Sospirolo,Italia
759,4.99,4.77,6.06,7.61,11.39,14.22,18.78,17.92,14.88,11.59,7.67,6.12,28.378,-16.49928,La Orotava,España
760,4.31,7.57,9.26,12.25,16.55,21.68,23.5,22.85,18.99,14.42,8.32,5.87,45.06318,5.33642,Pont-en-Royans,France
761,9.67,10.48,12.25,14.01,16.56,19.19,20.99,20.97,19.41,16.36,12.17,10.41,42.43348,-8.63486,Pontevedra,España
762,9.51,10.61,12.91,15.16,18.72,23.09,25.63,25.68,22.49,18.55,13.32,10.23,41.09414,1.1538,Vila-seca,España
763,6.14,7.24,8.92,11.12,14.15,17.07,18.98,19.07,16.91,13.66,9.12,7.58,42.80666,-7.61765,Portomarín,España
764,9.99,10.74,12.36,13.87,16.11,18.22,19.46,19.65,18.91,16.66,12.73,11.0,41.68343,-8.83278,Darque,Portugal
765,7.41,10.18,11.69,13.97,18.24,23.55,25.75,25.72,21.93,17.56,11.82,9.29,42.00446,2.03414,Prats de Lluçanès,España
766,9.83,11.33,13.8,16.2,20.16,24.36,27.32,27.57,24.19,20.05,13.99,11.22,37.22501,-5.30481,La Puebla de Cazalla,España
767,5.81,6.3,8.44,10.97,14.24,17.73,19.5,19.03,16.61,13.38,9.22,6.47,46.89428,-0.925,Les Épesses,France
768,6.76,6.98,8.48,10.64,13.61,16.55,18.16,17.71,15.88,13.24,9.83,7.49,47.86624,-3.54346,Quimperlé,France
769,6.82,7.94,10.78,13.97,18.05,22.69,25.25,24.59,20.52,16.2,10.86,7.5,43.93793,4.55855,Remoulins,France
770,10.43,11.1,12.05,13.48,15.35,17.79,20.0,20.69,19.26,17.0,13.29,11.54,43.46024,-5.05409,Ribeseya,España
771,9.46,9.87,11.63,14.09,17.54,21.55,23.92,23.69,20.8,17.51,13.24,10.6,42.26843,3.15566,Roses,España
772,4.97,5.73,8.37,11.17,14.58,18.47,20.16,19.93,16.68,12.89,8.38,5.5,47.32653,1.12528,Saint-Georges-sur-Cher,France
773,6.05,6.45,8.14,10.75,13.45,16.65,18.78,17.92,15.9,12.97,9.02,6.63,47.84533,-2.72433,Saint-Jean-Brévelay,France
774,4.77,6.89,9.1,11.93,15.58,19.61,21.33,20.99,16.72,13.63,8.1,6.11,45.11515,0.50034,Saint-Léon-sur-l'Isle,France
775,6.71,7.89,8.78,9.6,11.98,15.44,18.01,17.68,15.98,13.97,10.14,7.52,48.52209,-3.94572,Saint-Thégonnec Loc-Eguiner,France
776,9.57,10.51,12.3,13.76,16.36,18.82,20.33,20.83,19.64,16.97,12.46,10.62,40.48659,-8.47524,Sangalhos,Portugal
777,9.51,10.61,12.91,15.16,18.72,23.09,25.63,25.68,22.49,18.55,13.32,10.23,41.53689,1.38206,Santa Coloma de Queralt,España
778,6.03,7.07,9.89,12.47,16.25,20.76,22.74,22.55,19.08,14.82,9.48,6.37,42.6727,-2.34416,Campezo/Kanpezu,España
779,3.54,4.74,7.51,9.81,13.72,18.22,20.74,20.57,16.99,12.52,6.97,4.46,42.13004,-3.97253,Santa María del Campo,España
780,9.59,9.72,11.32,12.71,14.99,17.8,19.7,20.14,18.49,16.41,12.51,10.64,43.00362,-3.73907,Merindad de Valdeporres,España
781,2.21,4.31,8.44,12.84,16.97,21.88,23.86,23.24,18.72,13.29,7.65,2.95,45.78978,8.37226,Madonna del Sasso,Italia
782,6.59,7.49,10.28,12.92,16.21,19.89,21.51,21.39,18.58,14.91,10.03,7.28,44.5348,-0.34294,Sauternes,France
783,11.3,12.66,13.59,15.29,19.32,23.25,26.31,26.63,23.66,19.62,14.99,12.99,39.04136,-0.30753,Simat de la Valldigna,España
784,8.35,9.16,10.86,12.35,14.87,17.6,19.35,19.58,18.16,15.05,10.79,9.09,41.872,-8.26331,Soajo,Portugal
785,4.49,7.44,7.4,10.8,16.95,23.21,25.6,24.01,19.17,14.61,10.49,7.15,42.51822,12.51853,Narni,Italia
786,8.05,7.76,8.53,9.98,12.27,14.73,16.76,17.4,16.58,14.41,11.46,9.13,49.46392,-1.82792,Surtainville,France
787,2.91,2.71,5.27,8.01,13.04,18.9,20.24,19.23,15.64,12.18,8.1,2.62,55.71792,12.58956,København,Danmark
788,-4.49,-2.13,-2.15,0.87,4.73,11.36,12.94,12.4,9.11,5.32,0.93,-2.72,46.29885,12.0119,Pèden,Italia
789,-7.11,-7.14,-3.54,0.98,5.91,10.34,13.99,12.61,8.72,2.85,-2.14,-4.74,70.04081,22.95356,Talvik,Norge
790,12.21,13.11,14.72,16.67,19.7,23.06,25.71,26.43,23.84,20.32,15.78,13.32,37.34902,-2.44145,Tíjola,España
791,8.87,10.73,13.62,16.04,20.4,24.65,26.98,27.02,23.72,18.8,12.85,9.8,38.91907,-6.33623,Mérida,España
792,9.99,10.74,12.36,13.87,16.11,18.22,19.46,19.65,18.91,16.66,12.73,11.0,41.44087,-8.28467,Guimarães,Portugal
793,-2.95,-2.84,-0.33,3.13,6.77,10.96,12.33,12.33,8.78,5.99,1.52,-1.4,47.8325,7.9557,Todtnau,Deutschland
794,7.11,8.16,10.63,13.15,16.82,21.52,23.89,23.78,20.24,16.68,11.35,7.98,41.70561,2.718,Tordera,España
795,4.36,5.0,7.65,10.81,14.14,17.87,20.31,19.58,16.44,12.63,7.85,5.06,47.53757,1.50013,Tour-en-Sologne,France
796,9.83,11.33,13.8,16.2,20.16,24.36,27.32,27.57,24.19,20.05,13.99,11.22,36.6707,-5.4499,Ubrique,España
797,-0.18,1.64,5.77,10.08,13.61,17.87,19.53,18.8,14.95,10.56,4.97,0.9,45.74618,6.41794,Ugine,France
798,5.41,6.48,9.39,11.75,15.23,19.61,21.47,21.69,18.69,14.79,9.16,5.98,42.91417,-1.97361,Uharte Arakil,España
799,8.17,9.46,11.69,13.72,17.68,21.99,24.75,24.98,21.72,16.9,11.33,8.86,40.256,-7.6235,Unhais da Serra,Portugal
800,-1.02,-0.08,3.43,7.69,11.88,16.17,17.45,16.91,12.63,8.42,3.41,0.04,48.07728,8.36652,Unterkirnach,Deutschland
801,8.17,9.46,11.69,13.72,17.68,21.99,24.75,24.98,21.72,16.9,11.33,8.86,39.4092,-7.2463,Valencia de Alcántara,España
802,11.9,13.43,16.07,18.9,23.05,27.65,30.24,29.95,26.07,21.7,15.79,12.63,37.65238,-2.07382,Vélez-Rubio,España
803,9.67,10.48,12.25,14.01,16.56,19.19,20.99,20.97,19.41,16.36,12.17,10.41,42.59012,-8.76457,Vilagarcía de Arousa,España
804,3.71,4.02,5.93,9.08,12.58,15.74,17.73,17.61,14.74,11.49,7.39,4.41,52.48906,5.06037,Volendam,Nederland
805,5.57,6.36,8.73,11.54,14.95,18.84,20.54,20.19,17.37,13.85,9.07,6.12,46.57444,-0.77494,Vouvant,France
806,-0.03,3.48,5.96,10.79,15.05,20.1,21.34,20.57,15.64,11.26,6.26,1.59,46.24086,15.15397,Žalec,Slovenija
807,0.32,2.16,4.91,8.82,12.81,18.03,18.77,18.47,13.94,9.56,4.13,1.7,48.46279,10.26936,Günzburg,Deutschland
808,10.24,11.6,13.92,16.23,19.88,23.36,25.65,26.0,23.2,19.55,14.1,11.46,36.71034,-6.12139,Jerez de la Frontera,España
809,4.12,5.44,8.52,11.83,16.02,20.67,23.34,22.6,18.19,13.62,8.2,4.6,43.84366,6.21885,Moustiers-Sainte-Marie,France
810,8.17,9.46,11.69,13.72,17.68,21.99,24.75,24.98,21.72,16.9,11.33,8.86,39.39422,-7.37375,Marvão,Portugal
811,-3.34,-1.18,3.04,7.8,12.34,16.76,18.07,17.32,12.66,7.85,2.34,-2.38,46.58842,12.25619,Auronzo di Cadore,Italia
812,7.11,8.16,10.63,13.15,16.82,21.52,23.89,23.78,20.24,16.68,11.35,7.98,41.77989,3.02288,Sant Feliu de Guíxols,España
813,7.74,7.97,9.93,12.24,14.98,18.11,19.66,19.84,18.28,15.52,11.71,8.71,45.78266,-1.15228,Ronce-les-Bains,France
814,10.89,13.02,14.35,16.53,20.59,23.29,26.16,26.22,23.48,20.08,15.07,12.72,37.47011,-7.46406,Sanlúcar de Guadiana,España
815,8.44,11.47,10.2,12.16,20.47,24.83,28.03,27.28,22.49,19.59,11.8,11.07,36.71959,-3.36431,Castell de Ferro,España
816,1.05,4.07,7.06,10.84,15.18,19.99,22.28,21.19,16.91,12.3,5.25,0.07,45.64468,7.71746,Arnad,Italia
817,-1.26,2.03,2.88,5.3,11.05,17.04,17.37,16.35,12.78,10.34,4.0,0.93,47.76311,11.55014,Bad Tölz,Deutschland
818,4.78,5.89,8.69,11.18,14.48,18.46,20.04,20.04,16.99,13.5,8.14,5.57,42.50068,0.79456,la Vall de Boí,España
819,7.94,8.39,10.0,11.34,13.76,16.59,18.41,18.78,17.18,14.62,10.41,8.78,43.15595,-5.97295,Quirós,España
820,6.54,6.73,8.28,10.37,13.09,15.97,17.77,17.57,15.93,13.13,9.68,7.03,48.42425,-1.57402,Bazouges-la-Pérouse,France
821,7.51,7.95,9.56,10.98,13.43,16.31,18.08,18.32,16.93,13.95,9.92,8.37,42.85971,-8.64876,Ames,España
822,4.08,4.8,7.83,10.66,13.87,17.86,19.43,19.3,16.18,12.67,7.75,5.11,46.10941,1.36995,Bessines-sur-Gartempe,France
823,2.65,3.58,5.91,9.32,13.17,16.75,18.26,17.62,13.95,10.54,6.47,3.49,49.79052,5.05737,Bouillon,België / Belgique / Belgien
824,9.59,9.72,11.32,12.71,14.99,17.8,19.7,20.14,18.49,16.41,12.51,10.64,43.35802,-3.81972,Penagos,España
825,11.9,13.43,16.07,18.9,23.05,27.65,30.24,29.95,26.07,21.7,15.79,12.63,37.38863,-1.61577,Águilas,España
826,9.95,10.34,12.43,15.16,18.85,23.34,26.05,26.06,22.78,19.37,14.77,11.29,39.21027,9.12765,Cagliari - Casteddu,Italia
827,10.87,12.21,14.54,16.91,20.73,25.14,27.84,27.83,24.39,20.22,14.66,11.65,38.002,-1.01922,Murcia,España
828,11.6,12.22,14.08,16.2,19.49,23.56,26.22,26.65,23.98,20.18,15.25,12.52,38.12092,-0.66,San Fulgencio,España
829,10.87,12.21,14.54,16.91,20.73,25.14,27.84,27.83,24.39,20.22,14.66,11.65,38.00765,-1.04332,Murcia,España
830,11.9,13.43,16.07,18.9,23.05,27.65,30.24,29.95,26.07,21.7,15.79,12.63,37.79279,-1.5104,Totana,España
831,19.16,18.03,17.05,15.8,13.85,12.28,11.29,12.14,12.59,13.71,14.94,17.08,-36.82772,139.8505,Kingston SE,Australia
832,5.03,7.56,10.21,12.28,16.3,19.79,22.97,22.18,18.78,14.18,8.63,6.05,43.01334,-6.60823,Cangas del Narcea,España
833,6.35,7.25,9.88,12.73,16.28,20.59,23.16,22.78,19.33,15.37,10.27,7.31,43.32683,2.52549,Caunes-Minervois,France
834,4.26,5.17,8.5,11.57,14.48,18.36,20.96,20.65,16.81,12.86,8.26,5.5,49.12089,5.03639,Clermont-en-Argonne,France
835,4.78,5.89,8.69,11.18,14.48,18.46,20.04,20.04,16.99,13.5,8.14,5.57,42.45352,1.48644,Aubinyà,Andorra
836,6.59,7.49,10.28,12.92,16.21,19.89,21.51,21.39,18.58,14.91,10.03,7.28,45.12593,-0.66527,Blaye,France
837,18.08,18.12,18.72,19.55,20.78,22.38,23.84,24.69,24.3,23.37,21.21,19.43,27.97589,-15.58812,Tejeda,España
838,0.72,3.52,5.32,9.49,13.62,18.87,20.31,19.8,15.13,10.78,6.48,2.42,45.7815,14.20557,Postojna,Slovenija
839,1.34,2.37,6.08,10.45,14.51,18.68,19.96,19.46,15.24,10.68,5.63,2.24,47.65805,9.16928,Konstanz,Deutschland
840,6.54,6.73,8.28,10.37,13.09,15.97,17.77,17.57,15.93,13.13,9.68,7.03,48.54753,-1.75498,Dol-de-Bretagne,France
841,4.77,5.79,8.82,12.27,15.83,19.68,21.73,20.88,17.31,13.69,8.47,5.16,45.40365,2.04749,Égletons,France
842,8.17,9.46,11.69,13.72,17.68,21.99,24.75,24.98,21.72,16.9,11.33,8.86,39.48151,-7.54972,Santiago Maior,Portugal
843,4.78,5.89,8.69,11.18,14.48,18.46,20.04,20.04,16.99,13.5,8.14,5.57,42.53544,1.58873,Encamp,Andorra
844,6.31,6.56,7.69,9.57,12.32,15.12,17.01,16.84,15.3,12.77,9.4,6.92,48.62166,-2.4727,Erquy,France
845,5.41,6.48,9.39,11.75,15.23,19.61,21.47,21.69,18.69,14.79,9.16,5.98,42.71085,-1.7773,Legarda,España
846,5.22,6.17,8.84,11.27,14.62,18.4,19.91,19.96,17.3,13.86,8.55,6.17,42.79635,0.43926,Loudervielle,France
847,9.59,9.72,11.32,12.71,14.99,17.8,19.7,20.14,18.49,16.41,12.51,10.64,43.03812,-4.37073,Hermandad de Campoo de Suso,España
848,0.05,0.77,4.22,8.55,12.47,16.63,18.29,17.86,13.41,8.95,4.24,1.27,49.16217,10.32481,Feuchtwangen,Deutschland
849,7.41,10.18,11.69,13.97,18.24,23.55,25.75,25.72,21.93,17.56,11.82,9.29,41.41314,2.22206,Sant Adrià de Besòs,España
850,6.27,7.54,9.84,11.85,15.42,18.54,21.39,21.5,18.77,14.62,9.3,6.94,41.08846,-6.81725,Freixo de Espada à Cinta,Portugal
851,3.78,4.25,6.53,10.11,13.73,16.99,18.55,18.21,15.05,11.53,7.39,4.49,51.70358,4.86345,Geertruidenberg,Nederland
852,8.57,9.23,11.64,14.32,17.92,22.48,24.85,24.57,21.0,17.2,12.22,9.18,42.52303,2.22168,Thuès-Entre-Valls,France
853,5.22,6.17,8.84,11.27,14.62,18.4,19.91,19.96,17.3,13.86,8.55,6.17,42.95668,-0.32885,Gourette,France
854,-1.58,-1.37,0.37,3.16,7.5,10.94,13.6,12.96,9.85,5.33,2.27,-0.4,66.72461,13.69942,Meløy,Norge
855,7.94,8.39,10.0,11.34,13.76,16.59,18.41,18.78,17.18,14.62,10.41,8.78,43.24798,-5.90537,Riosa,España
856,2.63,4.05,7.53,11.63,15.48,19.75,21.58,20.47,16.65,12.05,6.9,3.32,45.65341,5.86018,Le Bourget-du-Lac,France
857,5.52,6.67,9.62,12.54,16.15,20.16,22.11,21.64,18.45,14.54,9.3,6.28,44.10563,0.88521,Valence,France
858,8.23,8.94,10.99,12.94,15.54,18.64,20.55,20.74,18.78,16.17,11.54,9.38,43.52636,-1.51697,Anglet,France
859,6.83,7.35,9.32,11.92,14.66,17.69,19.39,18.78,17.47,14.98,10.74,7.49,47.09514,-2.04974,La Bernerie-en-Retz,France
860,4.08,4.8,7.83,10.66,13.87,17.86,19.43,19.3,16.18,12.67,7.75,5.11,46.03356,1.29907,Razès,France
861,6.59,7.49,10.28,12.92,16.21,19.89,21.51,21.39,18.58,14.91,10.03,7.28,45.00618,-1.16871,Lacanau,France
862,6.14,7.24,8.92,11.12,14.15,17.07,18.98,19.07,16.91,13.66,9.12,7.58,43.2399,-7.55564,Cospeito,España
863,6.6,8.33,11.11,14.24,18.21,23.06,25.42,25.07,21.2,16.55,10.69,7.0,41.73708,-1.06557,Zaragoza,España
864,6.22,6.67,8.92,11.5,14.59,18.07,19.62,19.31,16.88,13.44,9.37,6.69,47.31979,-1.34787,Le Cellier,France
865,4.78,5.89,8.69,11.18,14.48,18.46,20.04,20.04,16.99,13.5,8.14,5.57,42.78471,1.68838,Les Cabannes,France
866,5.22,6.17,8.84,11.27,14.62,18.4,19.91,19.96,17.3,13.86,8.55,6.17,42.80155,0.4109,Loudenvielle,France
867,4.82,5.89,9.01,11.95,15.22,19.3,20.94,20.65,17.23,13.77,8.6,5.77,44.78422,1.89973,Leyme,France
868,5.22,6.17,8.84,11.27,14.62,18.4,19.91,19.96,17.3,13.86,8.55,6.17,42.79672,0.40844,Loudenvielle,France
869,10.48,12.04,11.74,14.0,18.54,23.18,25.86,25.86,22.98,18.84,15.22,12.74,42.81105,9.33364,Canari,France
870,7.51,7.95,9.56,10.98,13.43,16.31,18.08,18.32,16.93,13.95,9.92,8.37,42.84532,-8.58099,O Milladoiro,España
871,2.81,3.6,6.57,9.55,13.16,17.86,19.87,19.69,15.77,11.99,6.88,4.09,44.09492,3.0824,Millau,France
872,7.66,9.74,11.8,14.41,17.79,20.65,23.49,23.15,20.33,16.06,10.69,8.7,42.52787,-7.51178,Monforte de Lemos,España
873,2.38,3.34,6.31,9.3,12.78,16.96,18.9,18.33,14.63,11.43,6.32,3.62,44.70806,2.49686,Montsalvy,France
874,6.54,6.73,8.28,10.37,13.09,15.97,17.77,17.57,15.93,13.13,9.68,7.03,48.6123,-1.50788,Beauvoir,France
875,0.58,1.27,4.21,8.86,13.01,16.67,18.51,18.03,13.96,10.03,5.04,1.92,50.75566,11.75636,Neustadt an der Orla,Deutschland
876,-0.75,-0.56,1.86,6.22,11.3,15.85,17.81,16.65,12.58,8.09,4.16,0.98,58.50749,15.97696,Norsholm,Sverige
877,6.02,6.43,8.44,10.86,13.99,17.34,19.01,18.62,16.3,13.05,9.11,6.49,48.02292,-2.17146,Paimpont,France
878,4.4,6.15,8.56,10.9,15.48,21.0,23.78,23.35,18.96,14.21,7.89,5.85,40.92898,-4.05689,Palazuelos de Eresma,España
879,4.78,5.89,8.69,11.18,14.48,18.46,20.04,20.04,16.99,13.5,8.14,5.57,42.54538,1.73344,Encamp,Andorra
880,9.69,10.51,12.13,13.94,16.16,17.61,19.17,19.13,18.66,16.78,12.35,10.9,40.54961,-8.77067,Vagos,Portugal
881,-8.15,-6.35,-3.74,1.84,8.62,13.72,15.84,13.93,8.82,3.38,-0.67,-5.21,63.23693,24.82099,Kivijärvi,Suomi / Finland
882,6.6,7.44,9.91,12.55,15.74,19.12,21.03,20.79,18.11,14.76,10.37,7.56,44.6403,-1.01969,Le Teich,France
883,3.9,5.56,8.49,11.02,15.19,20.03,22.56,22.24,18.33,13.42,7.51,4.66,41.29165,-4.68193,Olmedo,España
884,11.41,12.96,14.2,16.21,20.07,23.99,26.89,26.89,24.03,19.88,15.27,12.87,38.56002,-0.08362,Benidorm,España
885,6.16,7.14,9.8,12.36,15.69,19.2,20.7,20.56,18.06,14.67,9.53,7.09,42.90977,-0.61941,Accous,France
886,8.23,8.94,10.99,12.94,15.54,18.64,20.55,20.74,18.78,16.17,11.54,9.38,43.57624,-1.48635,Ondres,France
887,6.76,6.98,8.48,10.64,13.61,16.55,18.16,17.71,15.88,13.24,9.83,7.49,47.8539,-3.74346,Pont-Aven,France
888,9.67,10.48,12.25,14.01,16.56,19.19,20.99,20.97,19.41,16.36,12.17,10.41,42.38884,-8.49938,Ponte Caldelas,España
889,8.31,8.09,9.33,11.3,13.88,16.77,18.35,18.34,16.97,14.66,11.68,9.31,47.48831,-3.13681,Port Maria,France
890,8.8,9.4,11.48,14.07,17.37,21.35,24.0,23.6,20.69,17.41,12.71,9.8,43.01348,3.04088,Port-la-Nouvelle,France
891,7.86,9.5,12.11,14.64,19.2,24.39,27.39,27.2,23.09,17.76,11.61,8.71,38.96591,-5.96265,Medellín,España
892,4.57,6.17,9.41,13.1,17.81,22.7,25.0,24.77,20.16,15.77,10.89,5.83,43.93504,12.44485,Città di San Marino,San Marino
893,4.8,6.13,9.34,12.17,15.46,19.07,20.79,21.3,17.84,13.78,9.44,6.65,45.58037,0.04478,Roullet-Saint-Estèphe,France
894,6.02,6.43,8.44,10.86,13.99,17.34,19.01,18.62,16.3,13.05,9.11,6.49,48.41111,-1.36278,Maen-Roch,France
895,0.98,1.67,4.71,7.71,11.53,16.16,17.95,17.24,13.24,9.93,4.94,1.84,45.03578,3.09823,Saint-Flour,France
896,7.24,8.4,10.25,11.69,14.85,18.41,20.06,20.12,18.6,16.32,11.75,8.2,46.19932,-1.36506,Saint-Martin-de-Ré,France
897,8.51,9.27,9.48,10.5,12.91,15.19,17.23,17.35,16.19,14.05,11.49,9.26,48.68265,-3.97073,Saint-Pol-de-Léon,France
898,5.52,6.67,9.62,12.54,16.15,20.16,22.11,21.64,18.45,14.54,9.3,6.28,44.39669,0.80508,Saint-Sylvestre-sur-Lot,France
899,8.31,8.09,9.33,11.3,13.88,16.77,18.35,18.34,16.97,14.66,11.68,9.31,47.51153,-3.13893,Saint-Pierre-Quiberon,France
900,9.0,9.29,11.31,13.92,17.64,21.81,24.23,24.64,21.61,17.5,13.34,10.34,43.80279,7.74772,Sanremo,Italia
901,4.78,5.89,8.69,11.18,14.48,18.46,20.04,20.04,16.99,13.5,8.14,5.57,42.46602,1.49422,Sant Julià de Lòria,Andorra
902,7.74,7.97,9.93,12.24,14.98,18.11,19.66,19.84,18.28,15.52,11.71,8.71,46.02827,-1.38419,Saint-Denis-d'Oléron,France
903,7.24,8.4,10.25,11.69,14.85,18.41,20.06,20.12,18.6,16.32,11.75,8.2,46.35049,-1.43666,La Tranche-sur-Mer,France
904,10.84,11.0,12.71,15.07,18.56,23.09,26.13,26.57,23.06,19.52,15.13,12.24,40.0834,9.67794,Baunei,Italia
905,4.06,5.23,8.14,11.11,14.78,18.88,20.62,20.43,16.51,12.99,8.1,5.05,45.86873,3.48255,Thiers,France
906,2.04,3.23,6.33,10.05,13.72,17.61,19.32,18.79,14.93,11.07,6.23,3.19,48.67925,5.88781,Toul,France
907,6.75,8.02,10.72,13.99,18.16,22.75,25.62,25.05,20.51,15.98,10.88,7.49,43.78299,6.44211,Trigance,France
908,8.35,9.16,10.86,12.35,14.87,17.6,19.35,19.58,18.16,15.05,10.79,9.09,42.04335,-8.6465,Tui,España
909,10.57,11.81,14.23,16.68,20.55,25.09,27.47,27.33,23.78,19.69,14.25,10.93,40.87389,0.15556,Valderrobres,España
910,10.89,13.02,14.35,16.53,20.59,23.29,26.16,26.22,23.48,20.08,15.07,12.72,37.58107,-6.75165,Valverde del Camino,España
911,4.31,7.57,9.26,12.25,16.55,21.68,23.5,22.85,18.99,14.42,8.32,5.87,44.89777,5.36963,Vassieux-en-Vercors,France
912,12.21,13.11,14.72,16.67,19.7,23.06,25.71,26.43,23.84,20.32,15.78,13.32,37.55425,-2.60865,Cúllar,España
