,level_0,index,Jan,Feb,Mar,Apr,May,Jun,Jul,Aug,Sep,Oct,Nov,Dec,latitude,longitude,town,country
0,0,0,1.16,0.94,1.65,1.35,1.57,0.89,0.23,0.55,2.35,2.22,2.11,1.19,39.06956,-0.4098,Carcaixent,España
1,1,1,6.03,4.46,4.71,4.79,3.13,2.03,1.29,1.64,2.22,7.01,7.07,7.06,42.64159,-8.89696,Boiro,España
2,2,2,3.43,2.86,2.6,3.17,3.26,2.38,2.03,1.88,2.25,2.28,3.72,2.93,42.90715,0.35921,Arreau,France
3,3,3,1.2,0.26,2.24,1.9,0.69,0.36,0.16,0.68,1.49,1.4,0.95,0.94,38.39479,-0.41007,el Campello,España
4,4,4,3.89,3.3,2.95,2.82,1.9,1.71,0.98,1.19,1.4,4.19,5.08,4.07,43.37179,-8.44443,A Coruña,España
5,5,5,1.13,0.79,1.55,1.98,1.85,0.79,0.67,0.87,2.04,2.06,2.6,0.87,40.72556,0.72158,Deltebre,España
6,6,6,1.5,1.46,1.72,2.14,2.09,1.44,1.35,1.61,2.3,2.53,2.17,1.05,41.81417,2.52043,Arbúcies,España
7,7,7,0.92,1.21,1.46,1.51,1.01,0.22,0.12,0.45,1.28,1.74,2.49,1.56,39.75402,9.6713,Cardedu,Italia
8,8,8,0.74,0.63,1.0,1.47,1.18,0.9,0.66,0.53,0.99,1.31,1.34,0.57,41.78121,1.27773,Guissona,España
9,9,10,0.74,0.63,1.0,1.47,1.18,0.9,0.66,0.53,0.99,1.31,1.34,0.57,41.67803,1.28364,Cervera,España
10,10,11,1.87,1.63,1.64,1.37,1.93,1.99,1.53,1.35,1.35,2.06,2.06,2.25,47.065,0.31783,Champigny-sur-Veude,France
11,11,12,2.55,2.9,1.96,2.63,3.12,5.46,1.85,1.07,2.87,1.43,3.2,3.77,45.05802,1.65895,Collonges-la-Rouge,France
12,12,13,2.17,1.81,2.2,2.66,2.5,2.48,1.59,1.75,1.95,2.02,2.57,2.08,44.77714,1.00682,Pays de Belvès,France
13,13,14,2.55,2.9,1.96,2.63,3.12,5.46,1.85,1.07,2.87,1.43,3.2,3.77,45.05397,1.58078,Turenne,France
14,14,15,1.53,1.16,1.13,1.17,1.99,2.33,2.44,2.73,1.88,1.45,1.36,1.37,51.04677,13.74581,Dresden,Deutschland
15,15,16,5.37,4.91,5.52,2.97,1.82,1.28,2.35,2.63,2.34,3.69,4.24,3.1,68.30725,13.65136,Vestvågøy,Norge
16,16,17,0.75,0.87,1.27,1.57,1.27,0.7,0.5,1.02,2.47,2.39,1.76,0.8,41.17643,1.32661,el Catllar,España
17,17,18,0.75,0.87,1.27,1.57,1.27,0.7,0.5,1.02,2.47,2.39,1.76,0.8,41.12671,0.73375,el Masroig,España
18,18,19,2.91,2.66,2.59,2.37,4.21,4.74,4.43,5.28,3.49,2.47,2.36,2.66,47.72945,10.31922,Kempten (Allgäu),Deutschland
19,19,20,1.41,1.08,1.03,0.84,1.47,1.86,2.3,1.82,1.54,1.35,1.3,1.16,52.45926,13.58558,Berlin,Deutschland
20,20,21,0.75,0.87,1.27,1.57,1.27,0.7,0.5,1.02,2.47,2.39,1.76,0.8,41.41435,1.1727,Solivella,España
21,21,22,0.94,0.66,0.92,2.06,0.89,1.59,0.68,0.23,1.1,0.84,0.82,1.04,42.2381,0.96624,la Pobla de Segur,España
22,22,23,1.47,2.3,1.02,0.4,1.86,0.97,0.85,0.34,2.11,3.38,2.74,2.24,59.04898,10.03346,Larvik,Norge
23,23,24,3.07,2.75,2.42,2.01,1.86,1.36,0.85,0.71,1.14,1.85,3.41,2.53,43.03665,-2.33781,Legazpi,España
24,24,25,,,,,0.08,2.64,0.08,3.12,3.79,4.23,7.24,5.15,49.4851,-1.37337,Saint-Floxel,France
25,25,26,1.5,1.46,1.72,2.14,2.09,1.44,1.35,1.61,2.3,2.53,2.17,1.05,41.92158,2.32174,Sant Julià de Vilatorta,España
26,26,27,1.5,1.46,1.72,2.14,2.09,1.44,1.35,1.61,2.3,2.53,2.17,1.05,41.62198,2.68943,Pineda de Mar,España
27,27,28,2.62,1.81,2.46,2.17,1.18,1.29,0.25,1.66,4.37,0.99,7.58,5.0,41.88505,12.38906,Roma,Italia
28,28,29,4.15,3.64,3.29,2.97,2.28,2.12,1.76,1.76,2.84,3.48,6.32,4.48,43.44705,-3.72811,Ribamontán al Mar,España
29,29,30,2.35,1.5,1.35,1.71,1.71,2.93,1.47,0.62,4.2,0.76,2.9,2.5,44.15179,1.75121,Saint-Antonin-Noble-Val,France
30,30,31,,,,,0.14,2.18,0.08,1.41,3.67,2.33,3.49,3.23,48.64347,-1.99403,Saint-Malo,France
31,31,32,3.43,2.86,2.6,3.17,3.26,2.38,2.03,1.88,2.25,2.28,3.72,2.93,42.82247,0.32309,Saint-Lary-Soulan,France
32,32,33,1.5,1.46,1.72,2.14,2.09,1.44,1.35,1.61,2.3,2.53,2.17,1.05,42.23567,2.28421,Sant Joan de les Abadesses,España
33,33,34,1.34,1.1,0.97,1.56,1.3,0.9,0.37,0.78,2.2,2.27,2.93,1.49,43.68666,5.7117,Saint-Paul-lès-Durance,France
34,34,35,1.5,1.46,1.72,2.14,2.09,1.44,1.35,1.61,2.3,2.53,2.17,1.05,41.80704,2.74448,Sils,España
35,35,36,,,,,0.74,2.83,0.48,1.86,3.55,2.76,3.17,4.31,45.6263,7.06263,Valgrisenche,Italia
36,36,37,2.27,1.42,1.35,3.39,3.48,4.81,3.26,1.6,2.86,2.68,3.0,3.82,45.59389,7.20708,Valsavarenche,Italia
37,37,38,3.2,2.71,1.85,2.19,3.51,3.91,3.03,1.75,2.85,3.2,2.94,3.11,46.77409,5.52248,Arlay,France
38,38,39,1.55,1.88,2.19,2.2,1.13,0.32,0.04,0.24,0.89,1.53,2.08,2.08,37.59001,-4.08879,Alcaudete,España
39,39,40,1.79,1.56,1.25,1.16,1.74,2.07,2.45,2.39,2.03,1.88,1.67,1.79,54.31272,13.09759,Stralsund,Deutschland
40,40,41,,,,,0.8,1.04,0.06,1.08,1.07,1.58,3.02,4.81,43.96318,6.66433,Annot,France
41,41,42,0.85,0.55,0.92,1.56,2.02,2.49,1.99,2.13,1.72,1.52,1.49,1.04,45.58797,3.11329,Champeix,France
42,42,43,0.75,0.87,1.27,1.57,1.27,0.7,0.5,1.02,2.47,2.39,1.76,0.8,41.39847,1.10464,l'Espluga de Francolí,España
43,43,44,1.54,1.91,1.77,2.09,2.33,2.34,1.48,2.06,2.51,1.51,2.47,2.9,44.72299,3.85396,Langogne,France
44,44,45,0.75,0.87,1.27,1.57,1.27,0.7,0.5,1.02,2.47,2.39,1.76,0.8,41.16679,1.45677,Creixell,España
45,45,46,6.45,5.36,5.18,4.53,2.98,2.03,1.33,1.67,2.09,6.83,7.0,7.11,42.76222,-8.25611,Vila de Cruces,España
46,46,47,3.01,2.59,2.58,2.58,1.65,1.23,0.49,0.63,1.5,3.99,3.45,3.34,42.44155,-7.79195,A Peroxa,España
47,47,48,2.36,2.07,1.78,1.6,1.33,1.21,0.65,0.6,1.11,2.54,2.61,2.71,42.38907,-7.11513,A Rúa,España
48,48,49,2.05,2.51,2.0,1.6,2.0,1.99,2.86,2.33,1.76,1.9,1.99,2.09,50.76145,6.10291,Aachen,Deutschland
49,49,50,0.67,0.61,0.96,0.64,0.4,0.1,0.01,0.09,0.53,0.76,0.8,1.13,37.15425,-2.77737,Abla,España
50,50,51,6.45,5.36,5.18,4.53,2.98,2.03,1.33,1.67,2.09,6.83,7.0,7.11,42.75889,-8.02111,Agolada,España
51,51,52,1.44,1.36,1.61,2.06,1.97,1.65,0.98,0.72,1.0,1.74,1.76,1.35,41.84743,-1.93007,Ágreda,España
52,52,53,1.57,1.33,1.61,2.16,1.59,1.3,0.69,0.51,0.94,2.04,2.15,1.69,42.7863,-4.25724,Aguilar de Campoo,España
53,53,54,1.64,1.03,1.56,1.74,1.33,0.99,0.59,1.07,2.74,2.84,2.75,1.86,43.56522,4.19645,Aigues-Mortes,France
54,54,55,1.62,1.57,1.78,1.9,0.96,0.1,0.01,0.1,0.97,2.35,2.35,2.28,38.03745,-5.71036,Alanís,España
55,55,56,0.91,0.84,1.43,3.03,1.47,0.99,0.56,0.76,1.73,0.95,2.28,1.31,41.12133,-0.50825,Albalate del Arzobispo,España
56,56,57,1.1,1.16,1.55,1.95,1.06,0.41,0.11,0.25,1.04,1.68,1.62,1.48,39.38959,-3.21934,Alcázar de San Juan,España
57,57,58,0.75,0.87,1.27,1.57,1.27,0.7,0.5,1.02,2.47,2.39,1.76,0.8,41.26326,1.1729,Alcover,España
58,58,59,,,,,3.64,2.43,3.28,3.81,2.23,4.07,1.52,2.86,62.47643,6.15842,Ålesund,Norge
59,59,60,0.78,0.67,1.05,1.36,1.29,1.05,0.53,0.56,0.86,1.09,1.31,0.54,41.43594,-1.23827,Alfamén,España
60,60,61,1.95,1.64,1.75,1.67,3.38,3.92,3.27,3.45,2.38,2.05,1.67,1.8,48.22077,11.62534,München,Deutschland
61,61,62,0.67,0.61,0.96,0.64,0.4,0.1,0.01,0.09,0.53,0.76,0.8,1.13,36.69709,-2.79397,El Ejido,España
62,62,63,1.64,1.53,1.43,1.24,2.33,2.24,2.5,2.11,1.72,1.59,1.67,1.6,50.74863,9.27856,Alsfeld,Deutschland
63,63,64,2.09,0.3,2.06,0.83,2.58,1.29,2.86,1.94,1.48,1.17,0.49,0.97,69.98899,23.48611,Alta,Norge
64,64,65,,,,,2.48,2.95,0.6,2.66,4.01,8.01,1.78,2.64,45.78528,8.44087,Vacciago,Italia
65,65,67,2.21,2.27,1.21,1.46,1.71,3.19,0.75,0.76,1.34,1.02,4.47,3.69,44.74496,-1.11095,Andernos-les-Bains,France
66,66,68,0.91,0.84,1.43,3.03,1.47,0.99,0.56,0.76,1.73,0.95,2.28,1.31,40.98399,-0.44725,Andorra,España
67,67,69,1.58,1.73,2.61,1.59,0.7,0.02,0.0,0.08,0.75,1.83,2.58,2.65,37.0213,-4.57154,Antequera,España
68,68,70,2.57,3.52,3.38,2.87,3.26,2.17,1.59,1.79,3.87,3.26,4.79,3.79,43.5595,12.42003,Apecchio,Italia
69,69,71,1.57,1.33,1.61,2.16,1.59,1.3,0.69,0.51,0.94,2.04,2.15,1.69,41.67026,-3.69273,Aranda de Duero,España
70,70,72,2.41,1.7,0.87,2.59,1.5,0.44,0.51,1.07,3.47,1.11,5.0,4.65,43.47195,11.88764,Arezzo,Italia
71,71,73,2.64,2.14,2.33,2.37,1.85,1.83,0.84,0.89,1.29,1.92,3.05,2.12,42.17361,-1.59155,Arguedas,España
72,72,74,1.22,1.01,1.28,1.4,1.39,1.44,0.98,0.58,0.96,1.16,1.59,0.98,42.21404,-2.23987,Arnedillo,España
73,73,76,2.68,1.54,1.47,1.15,2.07,3.09,1.88,1.26,1.97,2.98,2.69,3.14,49.33906,-0.6258,Arromanches-les-Bains,France
74,74,77,1.22,1.01,1.28,1.4,1.39,1.44,0.98,0.58,0.96,1.16,1.59,0.98,42.58921,-2.0957,Arróniz,España
75,75,78,3.43,2.86,2.6,3.17,3.26,2.38,2.03,1.88,2.25,2.28,3.72,2.93,42.87507,-0.39439,Laruns,France
76,76,79,7.05,5.21,5.16,4.96,3.04,1.88,1.24,1.37,2.33,6.99,7.29,7.78,42.08722,-8.41389,As Neves,España
77,77,80,4.06,3.57,3.4,3.25,2.12,1.67,0.87,0.93,1.47,4.54,5.09,4.49,42.81034,-7.10733,As Nogais,España
78,78,81,1.13,0.79,1.55,1.98,1.85,0.79,0.67,0.87,2.04,2.06,2.6,0.87,41.18698,0.56835,Ascó,España
79,79,82,1.36,1.34,1.32,1.76,1.52,0.97,0.48,0.42,1.04,2.11,1.74,1.84,42.45136,-6.06599,Astorga,España
80,80,83,,,,,0.18,2.06,0.28,0.42,1.79,0.48,4.01,1.28,43.63736,0.58601,Auch,France
81,81,84,2.86,2.29,1.4,1.43,2.21,3.23,2.15,1.72,2.12,4.34,2.82,4.78,47.66396,-2.97342,Auray,France
82,82,85,3.84,2.76,1.38,2.53,3.36,2.37,2.69,3.6,3.87,2.53,4.15,5.47,45.0518,6.07838,Auris,France
83,83,86,,,,,0.0,7.51,0.2,1.73,3.25,1.56,3.12,2.02,46.95545,4.3163,Autun,France
84,84,87,1.6,0.48,0.45,1.73,2.87,1.56,1.82,1.21,1.41,1.53,2.49,1.09,45.07324,7.39034,Avigliana,Italia
85,85,88,1.87,1.63,1.64,1.37,1.93,1.99,1.53,1.35,1.35,2.06,2.06,2.25,47.21286,0.17715,Avoine,France
86,86,89,1.22,1.01,1.28,1.4,1.39,1.44,0.98,0.58,0.96,1.16,1.59,0.98,42.65421,-2.0455,Iratxe,España
87,87,90,2.57,2.1,1.86,1.48,2.69,2.26,2.43,2.41,2.03,2.07,2.17,2.89,50.31196,9.79737,Bad Brückenau,Deutschland
88,88,91,1.29,1.51,1.56,1.6,0.95,0.37,0.08,0.14,0.7,2.11,1.83,1.93,38.88471,-6.97873,Badajoz,España
89,89,92,3.69,3.49,3.2,2.47,3.9,3.1,3.7,3.51,2.92,3.26,3.64,3.84,48.78174,8.20428,Baden-Baden,Deutschland
90,90,93,1.55,1.88,2.19,2.2,1.13,0.32,0.04,0.24,0.89,1.53,2.08,2.08,37.99629,-3.45957,Baeza,España
91,91,94,3.43,2.86,2.6,3.17,3.26,2.38,2.03,1.88,2.25,2.28,3.72,2.93,43.0733,0.15366,Bagnères-de-Bigorre,France
92,92,95,4.09,3.48,1.99,2.84,4.45,4.2,3.94,2.91,4.75,2.55,4.57,5.88,45.97138,6.0312,Dalmaz,France
93,93,96,,,,,3.14,2.86,1.36,2.26,5.44,1.56,3.19,4.4,46.22619,14.70403,Kamnik,Slovenija
94,94,97,1.58,1.38,1.37,1.21,2.15,1.89,2.27,1.99,1.82,1.53,1.75,1.74,49.88608,10.90295,Bamberg,Deutschland
95,95,98,3.62,3.2,2.85,2.93,1.83,1.59,0.95,1.11,1.48,4.33,5.14,4.02,43.33976,-8.35468,Oleiros,España
96,96,99,4.61,5.0,5.32,3.39,4.96,5.77,5.33,6.0,4.84,3.49,3.61,4.71,47.67176,12.01018,Bayrischzell,Deutschland
97,97,100,1.79,1.41,1.63,1.67,2.35,1.99,1.99,1.82,1.44,2.45,2.56,1.81,47.01776,4.83685,Beaune,France
98,98,101,4.06,3.57,3.4,3.25,2.12,1.67,0.87,0.93,1.47,4.54,5.09,4.49,42.85283,-7.15322,Becerreá,España
99,99,102,0.66,1.16,0.52,2.22,1.71,0.79,0.35,1.42,3.01,2.67,2.3,2.56,44.12493,5.17239,Bédoin,France
100,100,103,2.27,3.27,4.45,5.56,6.32,6.86,3.67,8.88,5.64,7.29,7.83,5.1,46.20135,9.01748,Bellinzona,Schweiz/Suisse/Svizzera/Svizra
101,101,104,2.98,2.01,0.44,3.7,4.65,2.45,2.61,3.57,3.3,2.15,4.64,2.48,46.13766,12.2141,Belluno,Italia
102,102,105,0.75,0.87,1.27,1.57,1.27,0.7,0.5,1.02,2.47,2.39,1.76,0.8,41.24624,1.56985,Bellvei,España
103,103,106,0.95,1.04,1.64,1.68,1.54,0.76,0.37,0.3,1.83,2.12,2.04,1.36,39.70905,-1.10108,Benagéber,España
104,104,107,3.07,2.75,2.42,2.01,1.86,1.36,0.85,0.71,1.14,1.85,3.41,2.53,43.1034,-2.42424,Bergara,España
105,105,108,2.38,2.36,1.36,1.8,2.19,4.42,1.16,0.88,2.05,1.03,2.71,3.08,44.87108,0.50389,Bergerac,France
106,106,109,4.66,4.07,3.37,2.91,2.3,1.99,1.43,1.43,2.24,3.02,6.33,4.23,43.4233,-2.72611,Bermeo,España
107,107,110,2.86,2.23,2.14,2.76,2.61,2.29,1.49,1.37,1.98,2.43,3.25,2.69,44.36954,-0.24272,Bernos-Beaulac,France
108,108,111,2.64,2.14,2.33,2.37,1.85,1.83,0.84,0.89,1.29,1.92,3.05,2.12,42.84038,-1.6652,Berriozar,España
109,109,112,0.95,1.04,1.64,1.68,1.54,0.76,0.37,0.3,1.83,2.12,2.04,1.36,39.57951,-0.44537,Bétera,España
110,110,113,,,,,0.3,2.04,0.59,2.16,6.04,0.81,10.77,2.75,43.4659,-1.57174,Biarritz,France
111,111,114,0.95,1.04,1.64,1.68,1.54,0.76,0.37,0.3,1.83,2.12,2.04,1.36,39.13286,-0.79065,Bicorp,España
112,112,115,1.33,1.29,1.21,0.94,1.73,1.71,1.78,1.62,1.46,1.41,1.44,1.53,49.96882,7.94462,Bingen am Rhein,Deutschland
113,113,116,2.85,2.41,1.28,1.67,2.41,3.62,1.1,0.97,1.93,1.9,4.49,4.75,44.45887,-1.24529,La Teste-de-Buch,France
114,114,117,3.84,3.24,2.89,1.75,2.89,2.64,3.25,2.9,3.17,2.85,3.42,3.85,50.0537,11.7935,Rangen,Deutschland
115,115,118,4.06,3.57,3.4,3.25,2.12,1.67,0.87,0.93,1.47,4.54,5.09,4.49,43.42094,-6.8145,El Serredo,España
116,116,119,1.36,1.34,1.32,1.76,1.52,0.97,0.48,0.42,1.04,2.11,1.74,1.84,42.87276,-5.32588,Boñar,España
117,117,120,2.59,1.56,1.17,1.55,1.89,3.05,1.34,1.15,4.53,0.98,2.76,2.47,44.17784,0.66167,Boé,France
118,118,121,3.69,3.49,3.2,2.47,3.9,3.1,3.7,3.51,2.92,3.26,3.64,3.84,48.68872,8.1292,Bühl,Deutschland
119,119,122,,,,,3.65,3.69,2.98,1.5,2.98,1.86,2.04,1.62,46.47317,11.33717,Bolzano - Bozen,Italia
120,120,123,3.43,3.22,1.66,2.33,2.51,6.17,1.89,1.36,3.95,1.89,3.32,4.0,45.39896,2.49721,Bort-les-Orgues,France
121,121,124,,,,,0.26,1.28,0.24,0.69,5.63,3.03,8.41,4.06,50.74415,1.59751,Boulogne-sur-Mer,France
122,122,125,1.9,1.72,1.84,1.9,2.47,2.08,2.1,1.71,1.61,2.48,2.14,2.19,47.07638,2.39861,Bourges,France
123,123,126,2.97,2.48,2.34,2.82,3.52,2.54,2.09,2.12,2.17,2.26,3.2,2.58,43.17786,0.97461,Boussens,France
124,124,127,2.17,1.81,2.2,2.66,2.5,2.48,1.59,1.75,1.95,2.02,2.57,2.08,44.48413,1.644,Bouziès,France
125,125,128,3.48,2.72,0.98,2.97,5.61,2.45,2.86,3.07,3.02,2.44,5.63,3.47,46.33312,13.53951,Bovec,Slovenija
126,126,129,5.15,5.22,4.81,4.68,3.32,2.17,1.13,1.45,3.03,6.26,4.66,7.03,41.80398,-6.74596,Bragança,Portugal
127,127,130,2.1,2.53,1.4,2.18,2.21,4.26,1.58,1.01,1.93,1.34,2.57,3.41,45.3791,0.64585,Brantôme en Périgord,France
128,129,132,0.44,0.38,0.55,0.68,1.0,1.18,1.54,0.98,0.93,1.05,1.23,2.27,45.92608,7.62047,Breuil-Cervinia,Italia
129,130,134,2.53,2.69,1.2,1.29,2.14,4.47,0.77,0.65,1.36,2.01,2.58,3.22,45.33291,-0.04577,Brossac,France
130,131,135,1.05,1.01,1.22,2.02,1.42,0.71,0.25,0.3,0.96,1.91,1.5,1.23,40.36809,-2.76267,Garcinarro,España
131,132,136,1.71,1.99,1.69,1.81,1.07,0.39,0.15,0.39,1.18,1.83,3.36,1.97,39.40275,8.40184,Bugerru/Buggerru,Italia
132,133,137,4.06,3.57,3.4,3.25,2.12,1.67,0.87,0.93,1.47,4.54,5.09,4.49,43.6532,-7.35838,Burela,España
133,134,138,1.57,1.33,1.61,2.16,1.59,1.3,0.69,0.51,0.94,2.04,2.15,1.69,42.35139,-3.68056,Burgos,España
134,135,139,0.67,0.61,0.96,0.64,0.4,0.1,0.01,0.09,0.53,0.76,0.8,1.13,36.81611,-2.14961,Níjar,España
135,136,140,2.17,1.81,2.2,2.66,2.5,2.48,1.59,1.75,1.95,2.02,2.57,2.08,44.44022,1.4409,Cahors,France
136,137,141,0.66,0.74,1.8,1.79,1.12,0.76,0.64,0.96,1.74,1.16,1.86,0.7,41.73494,1.51397,Calaf,España
137,138,142,0.91,0.84,1.43,3.03,1.47,0.99,0.56,0.76,1.73,0.95,2.28,1.31,41.35056,-1.64679,Calatayud,España
138,139,143,3.52,3.46,1.98,0.95,2.18,2.3,1.81,1.74,2.49,5.08,4.71,5.62,48.2741,-4.60858,Camaret-sur-Mer,France
139,140,144,3.43,2.86,2.6,3.17,3.26,2.38,2.03,1.88,2.25,2.28,3.72,2.93,43.01819,0.17829,Campan,France
140,141,145,2.32,3.27,2.82,3.12,4.01,3.79,3.89,4.16,5.94,4.17,4.47,3.44,46.09956,14.51606,Ljubljana,Slovenija
141,142,146,1.16,0.94,1.65,1.35,1.57,0.89,0.23,0.55,2.35,2.22,2.11,1.19,38.93856,-0.1527,l'Alqueria de la Comtessa,España
142,143,147,2.54,2.42,1.41,2.22,2.16,3.99,2.2,0.95,3.19,1.35,2.65,3.51,44.568,2.58947,Campuac,France
143,144,148,3.62,3.29,2.74,2.47,1.93,2.1,1.05,1.54,1.87,2.97,4.62,3.9,43.58487,-5.77208,Candás,España
144,145,149,3.62,3.29,2.74,2.47,1.93,2.1,1.05,1.54,1.87,2.97,4.62,3.9,43.3526,-5.12553,Cangas de Onís / Cangues d'Onís,España
145,146,150,7.05,5.21,5.16,4.96,3.04,1.88,1.24,1.37,2.33,6.99,7.29,7.78,42.25536,-8.79764,Cangas,España
146,147,151,0.5,0.54,1.01,1.54,1.59,1.51,0.69,1.06,1.1,1.3,1.0,0.46,40.52591,-0.40742,Cantavieja,España
147,148,152,,,,,0.3,2.04,0.59,2.16,6.04,0.81,10.77,2.75,43.63606,-1.44719,Capbreton,France
148,149,153,0.78,0.67,1.05,1.36,1.29,1.05,0.53,0.56,0.86,1.09,1.31,0.54,41.33796,-1.23041,Cariñena,España
149,150,154,3.89,3.3,2.95,2.82,1.9,1.71,0.98,1.19,1.4,4.19,5.08,4.07,43.73358,-7.87437,Cariño,España
150,151,155,2.86,2.29,1.4,1.43,2.21,3.23,2.15,1.72,2.12,4.34,2.82,4.78,47.58462,-3.08237,Carnac,France
151,152,156,6.45,5.36,5.18,4.53,2.98,2.03,1.33,1.67,2.09,6.83,7.0,7.11,42.84105,-9.09585,Carnota,España
152,153,157,1.22,0.94,1.18,1.67,1.3,1.13,0.45,0.45,0.98,1.9,1.65,1.36,42.33812,-4.608,Carrión de los Condes,España
153,154,158,4.13,2.65,1.87,1.77,2.17,3.27,0.86,0.98,2.73,1.32,5.63,4.34,43.47287,-0.93416,Salies-de-Béarn,France
154,155,159,0.94,0.39,1.15,1.24,0.56,0.25,0.03,0.23,1.34,1.1,1.27,1.1,37.61503,-1.00549,Cartagena,España
155,156,160,2.89,2.36,2.15,2.27,2.16,2.23,1.37,1.52,1.77,2.45,3.55,3.08,45.18262,-0.5835,Cartelègue,France
156,157,161,3.07,2.75,2.42,2.01,1.86,1.36,0.85,0.71,1.14,1.85,3.41,2.53,42.54583,-2.91472,Casalarreina,España
157,158,162,,,,,0.0,1.22,0.13,0.26,0.24,0.72,0.82,0.86,44.63341,8.73269,Casaleggio Boiro,Italia
158,159,163,2.59,1.56,1.17,1.55,1.89,3.05,1.34,1.15,4.53,0.98,2.76,2.47,44.31055,0.07896,Casteljaloux,France
159,160,164,,,,,0.8,1.04,0.06,1.08,1.07,1.58,3.02,4.81,43.84601,6.5165,Castellane,France
160,161,165,3.54,3.9,3.5,2.57,0.77,0.12,0.02,0.03,0.92,2.65,3.51,5.18,36.28332,-5.42141,Castellar de la Frontera,España
161,162,166,2.97,2.48,2.34,2.82,3.52,2.54,2.09,2.12,2.17,2.26,3.2,2.58,42.99998,1.34027,Castelnau-Durban,France
162,163,167,2.35,1.5,1.35,1.71,1.71,2.93,1.47,0.62,4.2,0.76,2.9,2.5,44.27445,1.35239,Castelnau-Montratier-Sainte-Alauzie,France
163,164,168,2.44,1.36,6.72,,1.45,2.84,0.43,0.19,4.19,6.99,6.34,10.2,41.03967,-8.27381,Castelo de Paiva,Portugal
164,165,169,2.27,1.42,1.35,3.39,3.48,4.81,3.26,1.6,2.86,2.68,3.0,3.82,45.73949,7.48541,Fénis,Italia
165,166,170,1.13,1.4,1.77,2.27,1.45,1.01,0.4,0.68,1.3,1.95,1.66,1.52,39.66098,-2.38315,Castillo de Garcimuñoz,España
166,167,171,3.01,2.59,2.58,2.58,1.65,1.23,0.49,0.63,1.5,3.99,3.45,3.34,42.37476,-7.41793,Castro Caldelas,España
167,168,172,1.16,1.28,1.53,2.17,0.99,0.02,0.06,0.02,0.34,1.75,2.7,2.33,37.22004,-7.44465,Castro Marim,Portugal
168,170,176,1.89,1.69,1.19,1.17,1.7,1.89,2.3,1.93,1.7,1.94,1.66,2.06,52.62772,10.07243,Celle,Deutschland
169,171,177,2.1,1.86,1.69,1.52,1.91,1.77,1.52,1.4,1.48,2.54,2.51,2.34,48.11816,-1.59108,Cesson-Sévigné,France
170,172,178,0.84,0.46,1.27,1.26,0.75,0.35,0.05,0.45,1.49,0.96,1.07,1.04,38.08146,-1.26612,Ceutí,España
171,173,179,2.8,2.32,2.08,1.71,2.03,1.76,1.56,1.58,1.55,2.98,3.22,3.22,47.33826,-1.26556,Orée d'Anjou,France
172,174,180,2.46,2.62,1.33,1.95,1.98,3.95,1.34,0.99,1.89,2.08,2.36,3.46,45.82484,0.45165,Chasseneuil-sur-Bonnieure,France
173,175,181,2.1,1.86,1.69,1.52,1.91,1.77,1.52,1.4,1.48,2.54,2.51,2.34,47.70314,-1.37806,Châteaubriant,France
174,176,182,2.53,2.69,1.2,1.29,2.14,4.47,0.77,0.65,1.36,2.01,2.58,3.22,45.59879,-0.05668,Châteauneuf-sur-Charente,France
175,177,183,10.27,13.98,12.08,9.8,6.03,2.35,1.79,1.22,2.29,2.45,7.63,7.78,44.00462,10.56248,Borgo a Mozzano,Italia
176,178,184,2.81,3.18,2.56,1.69,1.78,2.06,1.48,1.47,1.56,2.79,1.91,3.75,49.05415,7.43442,Bitche,France
177,179,185,1.37,2.15,0.56,0.89,1.1,0.5,1.11,0.91,1.27,1.16,0.51,1.74,55.65903,12.55779,København,Danmark
178,180,186,0.66,0.74,1.8,1.79,1.12,0.76,0.64,0.96,1.74,1.16,1.86,0.7,41.42423,2.20726,Barcelona,España
179,181,187,1.89,1.8,1.91,1.51,1.94,1.92,1.68,1.86,1.59,2.37,2.69,2.34,48.91888,-0.48117,Clécy,France
180,182,188,2.27,1.42,1.35,3.39,3.48,4.81,3.26,1.6,2.86,2.68,3.0,3.82,45.60844,7.35834,Cogne,Italia
181,183,189,6.53,5.95,5.29,5.49,4.16,2.12,0.67,1.01,3.04,6.59,6.54,6.49,40.19993,-8.42958,Coimbra,Portugal
182,184,190,4.15,3.64,3.29,2.97,2.28,2.12,1.76,1.76,2.84,3.48,6.32,4.48,43.3804,-4.55387,Ribadedeva,España
183,185,191,1.13,1.19,1.43,1.59,1.36,0.65,0.93,1.57,2.4,2.68,1.65,0.84,41.36527,2.02558,Santa Coloma de Cervelló,España
184,186,192,3.62,3.29,2.74,2.47,1.93,2.1,1.05,1.54,1.87,2.97,4.62,3.9,43.48468,-5.26054,Colunga,España
185,187,193,,,,,0.06,0.55,0.1,0.5,1.6,1.05,2.31,4.16,43.70624,6.50646,Comps-sur-Artuby,France
186,188,194,,,,,0.08,3.7,0.15,1.6,3.1,4.4,7.93,7.07,47.87897,-3.92052,Concarneau,France
187,189,195,3.2,2.71,1.85,2.19,3.51,3.91,3.03,1.75,2.85,3.2,2.94,3.11,46.65264,5.59955,Conliège,France
188,190,196,,,,,0.94,1.02,0.05,0.04,1.99,4.39,5.07,6.97,39.47701,-8.34332,Praia do Ribatejo,Portugal
189,191,197,2.85,2.41,1.28,1.67,2.41,3.62,1.1,0.97,1.93,1.9,4.49,4.75,44.09353,-1.31921,Saint-Julien-en-Born,France
190,192,198,2.59,2.21,1.67,1.98,1.84,2.98,1.62,0.69,2.83,0.56,3.62,2.37,44.06432,1.95788,Cordes-sur-Ciel,France
191,193,199,4.15,3.64,3.29,2.97,2.28,2.12,1.76,1.76,2.84,3.48,6.32,4.48,43.23353,-4.39832,Rionansa,España
192,194,200,1.96,1.62,1.67,1.53,2.07,2.14,1.44,1.25,1.39,2.24,2.34,2.17,46.29857,0.1783,Valence-en-Poitou,France
193,195,201,2.89,2.36,2.15,2.27,2.16,2.23,1.37,1.52,1.77,2.45,3.55,3.08,44.77655,-0.34809,Créon,France
194,196,202,2.34,2.38,1.79,1.75,2.63,4.26,1.97,1.0,3.36,1.46,2.3,2.85,46.45903,1.60571,Cuzion,France
195,197,203,1.98,1.38,0.94,0.94,2.55,3.51,1.34,0.97,1.68,2.42,1.65,2.97,47.24089,-0.0226,Saumur,France
196,198,204,,,,,0.38,2.52,0.5,3.41,6.79,0.24,13.43,3.34,43.28942,-1.50419,Urdazubi/Urdax,España
197,199,205,4.13,2.65,1.87,1.77,2.17,3.27,0.86,0.98,2.73,1.32,5.63,4.34,43.71435,-1.04945,Dax,France
198,200,206,2.9,3.55,4.46,4.4,2.5,0.43,0.2,0.05,2.2,5.19,4.28,4.63,38.7005,-8.06401,Arraiolos,Portugal
199,201,207,3.43,2.86,2.6,3.17,3.26,2.38,2.03,1.88,2.25,2.28,3.72,2.93,42.89361,-0.11256,Cauterets,France
200,202,208,6.53,5.95,5.29,5.49,4.16,2.12,0.67,1.01,3.04,6.59,6.54,6.49,40.11313,-8.49521,Condeixa-a-Nova,Portugal
201,203,209,5.47,4.65,4.09,3.89,3.76,3.3,2.82,3.42,3.49,4.66,7.39,4.89,43.30792,-2.01442,Donostia - San Sebastián,España
202,204,210,4.06,3.57,3.4,3.25,2.12,1.67,0.87,0.93,1.47,4.54,5.09,4.49,43.56322,-7.25775,Foz,España
203,205,211,3.51,2.4,1.56,1.96,2.79,3.29,2.65,1.27,2.26,2.42,2.48,2.63,48.24051,5.60792,Bourmont-entre-Meuse-et-Mouzon,France
204,206,212,,,,,0.14,2.18,0.08,1.41,3.67,2.33,3.49,3.23,48.45451,-2.02963,Lanvallay,France
205,208,214,2.0,2.43,3.19,3.27,1.49,0.32,0.04,0.32,1.23,3.47,4.75,4.51,37.16536,-7.51994,Vila Nova de Cacela,Portugal
206,209,215,,,,,2.52,0.7,0.5,0.42,3.76,0.08,3.97,2.65,43.52395,13.43666,Offagna,Italia
207,210,216,3.21,1.76,1.29,0.86,2.21,2.71,1.87,1.18,2.07,2.86,1.93,2.99,49.92636,2.92651,Péronne,France
208,211,217,1.36,1.34,1.32,1.76,1.52,0.97,0.48,0.42,1.04,2.11,1.74,1.84,42.51855,-4.74117,Saldaña,España
209,212,218,,,,,1.4,0.73,0.0,0.01,2.42,3.13,3.22,8.84,38.91809,-9.3835,São João das Lampas e Terrugem,Portugal
210,213,219,,,,,0.38,2.52,0.5,3.41,6.79,0.24,13.43,3.34,43.31207,-1.58398,Sare,France
211,214,220,3.28,2.42,1.53,2.3,2.5,3.75,2.4,2.0,1.54,2.29,2.38,2.83,48.23335,7.40611,Orschwiller,France
212,215,221,2.64,2.14,2.33,2.37,1.85,1.83,0.84,0.89,1.29,1.92,3.05,2.12,42.52634,-1.68285,Tafalla,España
213,216,222,0.94,0.66,0.92,2.06,0.89,1.59,0.68,0.23,1.1,0.84,0.82,1.04,42.16312,0.89043,Tremp,España
214,217,223,1.25,1.49,1.62,2.17,2.28,1.89,2.02,2.35,2.64,1.99,3.18,1.91,45.43375,10.97838,Verona,Italia
215,218,224,4.13,2.65,1.87,1.77,2.17,3.27,0.86,0.98,2.73,1.32,5.63,4.34,43.7793,-1.40689,Vieux-Boucau-les-Bains,France
216,219,225,1.13,1.08,1.19,1.55,1.1,0.8,0.37,0.43,0.94,1.82,1.51,1.42,41.49793,-5.74347,Zamora,España
217,220,226,2.5,3.57,1.56,2.14,3.58,3.48,2.7,2.96,1.93,2.75,2.1,2.2,52.72125,6.07499,Giethoorn,Nederland
218,221,227,1.5,1.46,1.72,2.14,2.09,1.44,1.35,1.61,2.3,2.53,2.17,1.05,42.1523,2.54679,Santa Pau,España
219,222,228,,,,,0.3,2.04,0.59,2.16,6.04,0.81,10.77,2.75,43.59621,-1.45486,Labenne,France
220,223,229,1.36,1.39,1.32,1.13,1.88,1.78,2.34,1.86,1.62,1.48,1.62,1.64,49.80102,10.16844,Dettelbach,Deutschland
221,224,230,,,,,0.44,2.49,0.16,0.43,2.61,2.32,4.68,3.13,49.93013,1.0866,Dieppe,France
222,225,231,,,,,0.0,7.51,0.2,1.73,3.25,1.56,3.12,2.02,46.48085,3.97131,Digoin,France
223,226,232,1.94,1.78,1.59,1.31,2.79,2.57,2.52,2.37,1.55,1.77,1.74,2.33,49.07818,10.32908,Dinkelsbühl,Deutschland
224,227,233,2.17,1.81,2.2,2.66,2.5,2.48,1.59,1.75,1.95,2.02,2.57,2.08,44.80049,1.22165,Domme,France
225,228,234,2.97,2.48,2.34,2.82,3.52,2.54,2.09,2.12,2.17,2.26,3.2,2.58,42.87535,0.97549,Bonac-Irazein,France
226,229,235,,,,,0.44,2.49,0.16,0.43,2.61,2.32,4.68,3.13,50.05831,1.36404,Le Tréport,France
227,230,236,2.25,2.25,1.8,1.58,2.43,2.39,2.56,2.47,2.06,2.37,2.47,2.77,49.4717,6.07812,Dudelange,Lëtzebuerg
228,231,237,1.79,1.55,1.81,2.39,1.37,0.69,0.5,0.63,1.08,2.55,2.46,1.35,42.86144,2.5655,Duilhac-sous-Peyrepertuse,France
229,232,238,1.44,1.36,1.61,2.06,1.97,1.65,0.98,0.72,1.0,1.74,1.76,1.35,41.9526,-2.92624,Duruelo de la Sierra,España
230,233,239,3.63,3.35,2.95,3.19,2.58,2.4,1.28,1.65,1.88,3.13,4.88,3.39,43.27809,-5.67451,Llangréu/Langreo,España
231,234,240,3.63,3.35,2.95,3.19,2.58,2.4,1.28,1.65,1.88,3.13,4.88,3.39,43.28637,-5.63889,Samartín del Rei Aurelio,España
232,235,241,3.63,3.35,2.95,3.19,2.58,2.4,1.28,1.65,1.88,3.13,4.88,3.39,42.9565,-6.09289,Cabrillanes,España
233,236,242,1.78,1.67,2.14,1.48,0.88,0.11,0.0,0.07,0.9,2.34,3.12,2.41,36.59877,-6.22103,El Puerto de Santa María,España
234,237,243,1.22,1.01,1.28,1.4,1.39,1.44,0.98,0.58,0.96,1.16,1.59,0.98,42.51499,-2.61568,Elciego,España
235,238,244,2.86,2.29,1.4,1.43,2.21,3.23,2.15,1.72,2.12,4.34,2.82,4.78,47.73905,-2.58073,Elven,France
236,239,245,1.5,1.46,1.72,2.14,2.09,1.44,1.35,1.61,2.3,2.53,2.17,1.05,41.85776,3.11505,Palamós,España
237,240,246,2.97,2.48,2.34,2.82,3.52,2.54,2.09,2.12,2.17,2.26,3.2,2.58,42.53263,1.57858,Encamp,Andorra
238,241,247,3.01,2.59,2.58,2.58,1.65,1.23,0.49,0.63,1.5,3.99,3.45,3.34,41.93261,-8.12141,Entrimo,España
239,242,248,,,,,0.0,0.6,0.41,0.45,1.42,0.31,2.82,0.6,42.93374,2.21584,Espéraza,France
240,243,249,4.15,3.64,3.29,2.97,2.28,2.12,1.76,1.76,2.84,3.48,6.32,4.48,43.08566,-3.55759,Espinosa de los Monteros,España
241,244,250,,,,,0.32,3.64,0.78,1.33,3.8,0.67,7.02,2.43,42.97912,-0.74806,Arette,France
242,245,251,3.84,2.76,1.38,2.53,3.36,2.37,2.69,3.6,3.87,2.53,4.15,5.47,45.02367,6.12393,Mont-de-Lans,France
243,246,252,3.63,5.19,2.95,3.85,1.91,2.04,0.32,0.15,3.87,7.32,5.51,9.94,40.75409,-8.56634,Estarreja,Portugal
244,247,253,3.52,1.59,1.32,0.99,2.28,2.47,1.86,1.06,2.66,3.38,4.01,3.75,49.70039,0.21611,Étretat,France
245,248,254,1.98,1.74,1.28,1.46,2.42,2.3,2.37,2.05,1.76,1.95,2.1,2.48,48.93586,8.41746,Ettlingen,Deutschland
246,249,255,3.62,3.2,2.85,2.93,1.83,1.59,0.95,1.11,1.48,4.33,5.14,4.02,43.39611,-8.07639,Monfero,España
247,250,256,,,,,0.04,3.24,0.68,0.33,2.35,1.95,2.41,2.53,48.87739,2.78579,Chessy,France
248,251,257,2.64,2.14,2.33,2.37,1.85,1.83,0.84,0.89,1.29,1.92,3.05,2.12,42.39275,-1.79573,Falces,España
249,252,258,1.4,2.2,0.59,1.17,1.64,0.52,1.11,0.6,1.19,1.42,0.64,1.89,54.94865,11.98694,Vordingborg Kommune,Danmark
250,253,259,,,,,0.94,1.02,0.05,0.04,1.99,4.39,5.07,6.97,39.63222,-8.67272,Ourém,Portugal
251,254,260,4.09,3.48,1.99,2.84,4.45,4.2,3.94,2.91,4.75,2.55,4.57,5.88,45.74963,6.28631,Faverges-Seythenex,France
252,255,261,3.52,1.59,1.32,0.99,2.28,2.47,1.86,1.06,2.66,3.38,4.01,3.75,49.76029,0.37427,Fécamp,France
253,256,262,1.58,1.53,1.56,1.95,2.53,2.5,2.37,2.64,1.94,2.2,1.93,1.92,47.48877,7.31173,Ferrette,France
254,257,263,3.89,3.3,2.95,2.82,1.9,1.71,0.98,1.19,1.4,4.19,5.08,4.07,43.49342,-8.24015,Ferrol,España
255,258,264,2.51,1.25,0.87,2.14,1.69,1.61,0.73,1.22,0.86,1.63,4.86,3.07,44.1654,8.33785,Finale Ligure,Italia
256,259,265,3.87,4.39,3.98,4.92,4.52,2.35,1.69,1.67,3.53,9.03,8.62,5.28,44.32586,3.59044,Florac Trois Rivières,France
257,260,266,6.45,5.36,5.18,4.53,2.98,2.03,1.33,1.67,2.09,6.83,7.0,7.11,42.79736,-8.58452,Teo,España
258,261,267,4.06,3.57,3.4,3.25,2.12,1.67,0.87,0.93,1.47,4.54,5.09,4.49,43.34309,-6.8519,Illano,España
259,262,268,2.38,2.36,1.36,1.8,2.19,4.42,1.16,0.88,2.05,1.03,2.71,3.08,44.56051,-0.02138,Fontet,France
260,263,269,2.23,1.43,1.0,1.32,2.8,2.59,1.14,1.68,1.92,3.2,2.18,3.04,48.35518,-1.21102,Fougères,France
261,264,270,,,,,0.0,4.26,0.69,0.56,1.49,2.08,4.99,1.97,45.98174,-1.087,Fouras,France
262,265,271,2.59,1.56,1.17,1.55,1.89,3.05,1.34,1.15,4.53,0.98,2.76,2.47,43.99403,0.22974,Fourcès,France
263,266,272,,,,,0.94,1.02,0.05,0.04,1.99,4.39,5.07,6.97,39.42841,-9.2201,Foz do Arelho,Portugal
264,267,273,1.29,1.51,1.56,1.6,0.95,0.37,0.08,0.14,0.7,2.11,1.83,1.93,38.16982,-6.64944,Fregenal de la Sierra,España
265,268,274,3.07,2.75,2.42,2.01,1.86,1.36,0.85,0.71,1.14,1.85,3.41,2.53,42.76033,-3.29598,Frías,España
266,269,275,1.72,1.72,1.72,2.14,3.24,2.81,2.92,2.88,2.34,2.67,2.27,1.92,47.99943,7.82561,Freiburg im Breisgau,Deutschland
267,270,276,1.57,1.33,1.61,2.16,1.59,1.3,0.69,0.51,0.94,2.04,2.15,1.69,42.26485,-4.41215,Frómista,España
268,271,277,1.58,1.74,1.42,1.21,2.23,1.76,2.3,2.02,1.76,1.65,1.66,1.65,50.55692,9.66611,Fulda,Deutschland
269,272,278,2.17,1.81,2.2,2.66,2.5,2.48,1.59,1.75,1.95,2.02,2.57,2.08,44.49813,0.97209,Fumel,France
270,273,279,0.44,0.38,0.55,0.68,1.0,1.18,1.54,0.98,0.93,1.05,1.23,2.27,45.70166,7.87278,Gaby,Italia
271,274,280,3.71,2.51,2.03,1.88,2.73,3.43,2.95,2.6,2.25,2.51,2.73,3.87,49.00229,9.76614,Gaildorf,Deutschland
272,275,281,2.79,2.28,2.6,2.58,4.69,5.95,5.43,6.21,3.99,2.93,2.28,2.3,47.50466,11.10716,Garmisch-Partenkirchen,Deutschland
273,276,282,3.43,2.86,2.6,3.17,3.26,2.38,2.03,1.88,2.25,2.28,3.72,2.93,42.73823,-0.01932,Gavarnie-Gèdre,France
274,277,283,,,,,0.0,7.51,0.2,1.73,3.25,1.56,3.12,2.02,46.57769,4.23505,Génelard,France
275,278,284,0.66,1.16,0.52,2.22,1.71,0.79,0.35,1.42,3.01,2.67,2.3,2.56,43.91512,5.19763,Gordes,France
276,279,285,,,,,0.16,0.54,0.13,0.5,2.03,0.48,1.12,2.1,43.57368,2.96758,Mons,France
277,280,286,2.17,1.81,2.2,2.66,2.5,2.48,1.59,1.75,1.95,2.02,2.57,2.08,44.73399,1.38481,Gourdon,France
278,281,287,4.06,3.57,3.4,3.25,2.12,1.67,0.87,0.93,1.47,4.54,5.09,4.49,43.21565,-6.87588,Grandas de Salime,España
279,282,288,1.15,0.84,1.94,1.44,1.46,0.76,0.35,0.69,2.06,1.74,2.22,0.99,39.9799,0.02274,Castelló de la Plana,España
280,283,289,1.08,0.79,2.79,1.52,0.64,0.34,0.24,0.24,1.04,0.58,3.94,0.82,43.09594,3.11004,Gruissan,France
281,284,290,2.33,2.07,1.17,1.1,1.86,2.5,1.35,1.84,1.62,3.27,3.18,4.04,47.3338,-2.42041,Guérande,France
282,285,291,4.06,3.57,3.4,3.25,2.12,1.67,0.87,0.93,1.47,4.54,5.09,4.49,43.17727,-7.87941,Guitiriz,España
283,286,292,2.0,1.7,1.38,1.05,1.47,2.01,2.38,1.84,1.63,1.94,1.62,1.88,52.09552,9.35982,Hameln,Deutschland
284,287,293,2.48,1.98,1.73,1.26,2.11,2.24,2.49,2.44,1.87,1.72,2.06,2.22,51.42018,9.64856,Hann. Münden,Deutschland
285,288,294,3.15,1.96,1.11,1.29,2.84,3.59,2.93,2.0,2.09,2.52,3.04,3.41,50.84602,3.31089,Harelbeke,België / Belgique / Belgien
286,289,295,2.87,2.07,1.72,1.64,2.76,2.6,2.86,3.07,2.76,2.89,2.49,3.04,50.56852,9.34615,Herbstein,Deutschland
287,290,296,1.27,1.1,1.1,1.15,2.17,2.03,2.27,2.19,1.34,1.29,1.36,1.32,51.02763,9.41451,Homberg (Efze),Deutschland
288,291,297,1.44,1.36,1.61,2.06,1.97,1.65,0.98,0.72,1.0,1.74,1.76,1.35,41.8439,-3.16446,Hontoria del Pinar,España
289,292,298,2.64,2.14,2.33,2.37,1.85,1.83,0.84,0.89,1.29,1.92,3.05,2.12,42.77624,-1.38536,Lónguida/Longida,España
290,293,299,,,,,3.14,2.86,1.36,2.26,5.44,1.56,3.19,4.4,46.16882,14.42246,Medvode,Slovenija
291,294,300,1.33,1.33,1.06,1.35,2.6,2.69,3.5,2.61,1.94,1.59,1.31,0.95,49.161,20.29344,Vysoké Tatry,Slovensko
292,295,301,1.24,1.31,1.6,1.38,0.93,0.15,0.0,0.06,0.85,1.23,1.85,1.54,37.18611,-4.03972,Huétor Tájar,España
293,296,302,1.16,1.11,1.14,1.15,2.2,1.87,2.2,1.96,1.58,1.25,1.34,1.16,50.86823,10.96335,Ichtershausen,Deutschland
294,297,303,6.03,4.46,4.71,4.79,3.13,2.03,1.29,1.64,2.22,7.01,7.07,7.06,42.53566,-8.8693,A Illa de Arousa,España
295,299,305,0.67,0.61,0.96,0.64,0.4,0.1,0.01,0.09,0.53,0.76,0.8,1.13,37.26221,-1.85359,Vera,España
296,300,306,2.89,2.36,2.15,2.27,2.16,2.23,1.37,1.52,1.77,2.45,3.55,3.08,44.5446,-0.25736,Langon,France
297,301,307,1.31,0.98,1.0,1.85,0.7,2.09,0.85,0.31,1.53,1.36,2.21,1.87,42.56766,-0.54552,Jaca,España
298,302,308,0.95,1.04,1.64,1.68,1.54,0.76,0.37,0.3,1.83,2.12,2.04,1.36,39.18758,-1.07611,Jalance,España
299,303,309,2.1,1.86,1.69,1.52,1.91,1.77,1.52,1.4,1.48,2.54,2.51,2.34,47.62161,-1.61161,Jans,France
300,304,310,1.17,0.68,0.85,0.65,0.96,1.62,1.85,1.58,0.92,1.48,0.84,1.05,65.14335,21.50917,Jävre,Sverige
301,305,311,6.62,7.48,3.98,3.03,2.61,3.12,3.64,3.16,4.55,9.82,8.42,3.09,59.0173,6.0439,Jørpeland,Norge
302,306,312,2.86,2.29,1.4,1.43,2.21,3.23,2.15,1.72,2.12,4.34,2.82,4.78,47.95631,-2.55029,Josselin,France
303,307,313,2.33,2.33,2.07,1.47,2.06,2.02,2.01,1.95,1.63,2.56,2.92,3.03,49.4308,0.81484,Jumièges,France
304,308,314,1.03,0.94,0.33,0.66,0.73,0.23,0.52,0.96,0.84,0.6,1.65,1.35,56.68133,16.38084,Kalmar,Sverige
305,309,315,0.2,0.17,0.39,0.12,0.58,1.03,1.18,0.82,1.25,0.94,1.27,1.18,56.16987,15.59416,Karlskrona,Sverige
306,310,316,3.28,2.42,1.53,2.3,2.5,3.75,2.4,2.0,1.54,2.29,2.38,2.83,48.13608,7.26188,Kaysersberg-Vignoble,France
307,311,317,1.69,1.62,1.55,1.65,2.89,2.61,2.79,2.39,1.99,2.17,2.31,2.02,48.5634,7.8165,Kehl,Deutschland
308,312,318,2.86,2.29,1.4,1.43,2.21,3.23,2.15,1.72,2.12,4.34,2.82,4.78,47.52218,-2.8584,Saint-Gildas-de-Rhuys,France
309,313,319,2.64,3.4,1.23,1.61,3.83,3.45,2.31,2.11,2.31,2.98,2.52,2.22,52.01281,4.71607,Gouda,Nederland
310,314,320,4.66,4.07,3.37,2.91,2.3,1.99,1.43,1.43,2.24,3.02,6.33,4.23,43.25968,-2.96401,Bilbao,España
311,315,321,1.53,1.31,1.52,1.18,2.62,2.35,2.4,2.37,2.07,1.46,1.35,1.42,48.33522,16.29915,Gemeinde Klosterneuburg,Österreich
312,316,322,1.13,0.79,1.55,1.98,1.85,0.79,0.67,0.87,2.04,2.06,2.6,0.87,40.65913,0.67527,Amposta,España
313,317,323,0.98,0.99,1.03,1.49,1.04,0.63,0.28,0.43,0.85,1.66,1.27,1.09,40.48848,-6.11623,La Alberca,España
314,318,324,1.22,0.94,1.18,1.67,1.3,1.13,0.45,0.45,0.98,1.9,1.65,1.36,41.91119,-4.78079,Ampudia,España
315,319,325,,,,,0.14,2.18,0.08,1.41,3.67,2.33,3.49,3.23,48.60376,-1.47701,Pontorson,France
316,320,326,0.74,0.74,1.32,1.56,1.14,0.93,0.16,0.52,1.08,1.31,1.21,0.94,39.39714,-2.43577,San Clemente,España
317,321,327,2.33,2.07,1.17,1.1,1.86,2.5,1.35,1.84,1.62,3.27,3.18,4.04,46.96568,-2.21501,La Guérinière,France
318,322,328,0.5,0.54,1.01,1.54,1.59,1.51,0.69,1.06,1.1,1.3,1.0,0.46,39.89176,-0.95707,La Yesa,España
319,323,329,3.63,3.35,2.95,3.19,2.58,2.4,1.28,1.65,1.88,3.13,4.88,3.39,43.15947,-6.10098,Teverga,España
320,324,330,0.9,0.49,1.37,1.14,0.73,0.38,0.06,0.42,1.47,0.92,1.14,1.05,37.9593,-2.4313,Puebla de Don Fadrique,España
321,325,331,,,,,0.04,2.14,0.23,0.86,1.25,2.31,5.11,3.27,46.6683,-1.4184,La Roche-sur-Yon,France
322,326,332,1.13,0.79,1.55,1.98,1.85,0.79,0.67,0.87,2.04,2.06,2.6,0.87,40.41604,0.1727,la Salzadella,España
323,327,333,2.97,2.48,2.34,2.82,3.52,2.54,2.09,2.12,2.17,2.26,3.2,2.58,42.35876,1.46506,la Seu d'Urgell,España
324,328,334,3.88,2.37,1.02,3.32,2.55,0.45,0.53,1.65,7.04,3.26,8.53,6.88,44.10417,9.85907,La Spezia,Italia
325,330,336,2.17,1.81,2.2,2.66,2.5,2.48,1.59,1.75,1.95,2.02,2.57,2.08,44.82434,1.18395,La Roque-Gageac,France
326,331,337,3.07,2.75,2.42,2.01,1.86,1.36,0.85,0.71,1.14,1.85,3.41,2.53,42.58719,-2.79458,Labastida/Bastida,España
327,332,338,2.85,2.41,1.28,1.67,2.41,3.62,1.1,0.97,1.93,1.9,4.49,4.75,44.32886,-1.15096,Gastes,France
328,333,339,4.14,2.45,1.73,1.85,1.96,2.69,2.59,1.17,1.73,1.97,2.34,2.94,48.93806,5.71451,Heudicourt-sous-les-Côtes,France
329,334,340,1.75,1.63,0.86,0.96,2.3,2.71,1.66,0.68,2.21,1.98,1.8,2.33,47.47935,1.31891,Le Controis-en-Sologne,France
330,335,341,,,,,0.16,0.54,0.13,0.5,2.03,0.48,1.12,2.1,43.64677,3.38939,Clermont-l'Hérault,France
331,336,342,2.66,2.7,1.41,1.54,2.65,4.19,1.37,1.0,1.8,1.82,4.82,4.38,44.48619,-1.08447,Sanguinet,France
332,337,343,2.35,1.93,2.11,2.12,2.48,2.63,2.47,2.73,2.25,2.85,2.88,2.83,46.46733,5.69212,Maisod,France
333,338,345,2.0,2.43,3.19,3.27,1.49,0.32,0.04,0.32,1.23,3.47,4.75,4.51,37.11581,-8.67895,Lagos,Portugal
334,339,346,,,,,0.0,0.6,0.41,0.45,1.42,0.31,2.82,0.6,43.09275,2.62028,Lagrasse,France
335,340,347,2.93,2.75,1.76,1.48,1.39,1.56,1.67,1.87,1.39,2.57,3.4,2.89,48.44747,-4.77684,Lampaul-Plouarzel,France
336,341,348,3.65,3.64,2.04,1.17,2.69,2.1,1.98,1.25,3.06,4.65,4.69,6.03,48.49433,-4.03826,Lampaul-Guimiliau,France
337,342,349,4.15,3.64,3.29,2.97,2.28,2.12,1.76,1.76,2.84,3.48,6.32,4.48,43.2176,-3.43927,Lanestosa,España
338,343,350,,,,,3.46,0.97,0.83,1.23,1.33,0.73,1.22,0.71,59.32021,18.03195,Stockholm,Sverige
339,345,352,2.59,2.21,1.67,1.98,1.84,2.98,1.62,0.69,2.83,0.56,3.62,2.37,43.70418,2.12998,Lautrec,France
340,346,353,1.79,1.55,1.81,2.39,1.37,0.69,0.5,0.63,1.08,2.55,2.46,1.35,42.52724,2.83773,Le Boulou,France
341,347,354,,,,,0.16,0.54,0.13,0.5,2.03,0.48,1.12,2.1,43.28591,3.51746,Agde,France
342,348,355,3.36,2.92,1.63,1.36,2.53,2.31,1.79,1.28,3.52,2.87,3.42,4.68,48.708,-3.82716,Le Diben,France
343,349,356,1.56,0.72,0.78,2.0,0.96,0.96,0.02,0.71,0.99,2.87,4.09,2.54,43.15187,6.43199,Le Lavandou,France
344,350,357,2.53,2.69,1.2,1.29,2.14,4.47,0.77,0.65,1.36,2.01,2.58,3.22,45.54596,-1.05453,Le Verdon-sur-Mer,France
345,351,358,4.66,4.07,3.37,2.91,2.3,1.99,1.43,1.43,2.24,3.02,6.33,4.23,43.35839,-2.5072,Lekeitio,España
346,352,359,2.38,2.36,1.36,1.8,2.19,4.42,1.16,0.88,2.05,1.03,2.71,3.08,44.88311,0.52525,Lembras,France
347,353,360,1.36,1.34,1.32,1.76,1.52,0.97,0.48,0.42,1.04,2.11,1.74,1.84,42.60462,-5.58494,León,España
348,355,362,1.79,1.55,1.81,2.39,1.37,0.69,0.5,0.63,1.08,2.55,2.46,1.35,42.56351,2.06857,Les Angles,France
349,356,363,2.01,1.28,0.59,1.86,2.92,1.75,1.05,1.48,1.47,1.48,3.36,2.89,44.93427,6.73533,Montgenèvre,France
350,357,364,2.1,1.87,1.12,0.7,1.7,2.32,0.69,0.77,0.99,2.33,3.57,2.9,46.22943,-1.4834,Les Portes-en-Ré,France
351,358,365,2.1,2.53,1.4,2.18,2.21,4.26,1.58,1.01,1.93,1.34,2.57,3.41,44.93885,1.00952,Les Eyzies,France
352,359,366,1.08,0.79,2.79,1.52,0.64,0.34,0.24,0.24,1.04,0.58,3.94,0.82,42.91385,3.01995,Leucate,France
353,361,368,3.25,2.89,2.94,2.92,5.1,5.36,5.84,5.94,4.63,3.41,3.37,3.6,47.55847,9.70041,Lindau (Bodensee),Deutschland
354,362,369,2.59,2.21,1.67,1.98,1.84,2.98,1.62,0.69,2.83,0.56,3.62,2.37,43.86204,1.81846,Lisle-sur-Tarn,France
355,363,370,5.48,5.17,4.43,4.27,4.18,3.73,2.76,3.24,4.07,4.7,8.1,5.67,43.26799,-1.90135,Errenteria,España
356,364,371,,,,,3.88,2.55,0.58,1.97,2.18,2.47,0.79,1.68,45.41292,7.46294,Locana,Italia
357,365,372,,,,,0.08,3.7,0.15,1.6,3.1,4.4,7.93,7.07,48.09817,-4.2124,Locronan,France
358,366,373,1.22,1.01,1.28,1.4,1.39,1.44,0.98,0.58,0.96,1.16,1.59,0.98,42.47809,-2.45729,Logroño,España
359,367,374,1.52,2.15,2.21,2.24,1.21,0.43,0.08,0.12,0.98,3.11,2.56,2.47,39.33305,-5.47919,Polígono industrial de Logrosán,España
360,368,375,0.84,0.46,1.27,1.26,0.75,0.35,0.05,0.45,1.49,0.96,1.07,1.04,38.07944,-1.25806,Lorquí,España
361,369,376,3.1,2.68,2.28,1.88,2.05,1.21,1.01,1.18,2.75,3.48,4.88,3.54,43.84024,10.4886,Lucca,Italia
362,370,377,1.83,1.54,0.22,2.25,2.98,1.28,2.35,2.26,4.07,1.75,4.61,2.03,45.46066,10.63311,Sirmione,Italia
363,371,378,4.06,3.57,3.4,3.25,2.12,1.67,0.87,0.93,1.47,4.54,5.09,4.49,43.00445,-7.56139,Lugo,España
364,372,379,3.63,3.35,2.95,3.19,2.58,2.4,1.28,1.65,1.88,3.13,4.88,3.39,43.40706,-5.81086,Siero,España
365,373,380,3.01,2.59,2.58,2.58,1.65,1.23,0.49,0.63,1.5,3.99,3.45,3.34,42.40932,-7.72207,Nogueira de Ramuín,España
366,374,381,2.27,1.42,1.35,3.39,3.48,4.81,3.26,1.6,2.86,2.68,3.0,3.82,45.43396,7.22823,Ceresole Reale,Italia
367,375,382,6.03,4.46,4.71,4.79,3.13,2.03,1.29,1.64,2.22,7.01,7.07,7.06,42.63352,-8.85318,Abanqueiro,España
368,376,383,5.15,5.22,4.81,4.68,3.32,2.17,1.13,1.45,3.03,6.26,4.66,7.03,41.53762,-6.95713,Macedo de Cavaleiros,Portugal
369,377,384,1.36,1.34,1.32,1.76,1.52,0.97,0.48,0.42,1.04,2.11,1.74,1.84,43.04908,-5.18356,Maraña,España
370,378,385,1.91,2.46,2.42,4.45,5.88,5.04,5.75,5.38,4.4,4.76,6.13,2.71,45.91843,9.31547,Mandello del Lario,Italia
371,379,386,1.91,1.6,1.34,1.12,2.13,1.86,2.17,2.21,1.48,1.32,1.64,2.03,50.80368,8.77528,Marburg,Deutschland
372,380,387,3.1,2.68,2.28,1.88,2.05,1.21,1.01,1.18,2.75,3.48,4.88,3.54,43.67857,10.27903,Pisa,Italia
373,381,388,1.77,0.83,1.01,1.91,1.54,0.31,0.06,0.24,1.13,0.45,5.05,2.16,42.86634,9.34382,Barrettali,France
374,382,389,1.51,2.01,0.74,1.07,1.08,1.57,0.32,0.67,1.38,1.66,1.72,1.35,52.4565,5.10465,Marken,Nederland
375,383,390,1.99,2.09,2.05,1.11,0.51,0.21,0.08,0.1,1.67,1.98,2.4,2.37,37.88929,12.47127,Marsala,Italia
376,384,391,,,,,0.0,3.36,0.67,1.22,2.9,1.39,1.82,2.47,46.8055,1.03811,Martizay,France
377,385,392,1.13,1.19,1.43,1.59,1.36,0.65,0.93,1.57,2.4,2.68,1.65,0.84,41.36806,1.77321,Avinyonet del Penedès,España
378,386,393,1.5,1.46,1.72,2.14,2.09,1.44,1.35,1.61,2.3,2.53,2.17,1.05,42.07503,3.09813,Bellcaire d'Empordà,España
379,387,394,1.34,1.22,0.99,1.09,1.73,2.0,1.68,1.97,1.35,1.32,1.2,1.59,50.32236,7.22835,Mayen,Deutschland
380,388,395,1.44,1.36,1.61,2.06,1.97,1.65,0.98,0.72,1.0,1.74,1.76,1.35,41.17138,-2.43203,Medinaceli,España
381,389,396,3.03,2.3,3.65,1.64,2.06,1.56,2.32,3.02,1.49,3.65,2.39,2.26,68.4941,14.81341,Melbu,Norge
382,390,397,2.33,2.07,1.17,1.1,1.86,2.5,1.35,1.84,1.62,3.27,3.18,4.04,47.40462,-2.49115,Quimiac,France
383,391,398,4.13,2.65,1.87,1.77,2.17,3.27,0.86,0.98,2.73,1.32,5.63,4.34,43.81613,-1.40081,Messanges,France
384,392,399,,,,,0.18,2.06,0.28,0.42,1.79,0.48,4.01,1.28,43.43304,0.30922,Miélan,France
385,393,400,2.85,2.41,1.28,1.67,2.41,3.62,1.1,0.97,1.93,1.9,4.49,4.75,44.21276,-1.2821,Mimizan,France
386,394,401,,,,,0.0,0.6,0.41,0.45,1.42,0.31,2.82,0.6,43.08502,1.87394,Mirepoix,France
387,395,402,4.06,3.57,3.4,3.25,2.12,1.67,0.87,0.93,1.47,4.54,5.09,4.49,43.42769,-7.37014,Mondoñedo,España
388,396,403,4.4,3.45,3.16,1.64,2.54,3.24,3.3,3.2,2.77,2.93,3.52,4.65,50.554,6.2322,Monschau,Deutschland
389,397,404,1.79,1.55,1.81,2.39,1.37,0.69,0.5,0.63,1.08,2.55,2.46,1.35,42.50764,2.12249,Mont-Louis,France
390,398,405,4.23,2.93,2.0,2.62,4.25,4.31,4.09,2.18,3.29,2.43,3.49,3.35,47.50663,6.79132,Montbéliard,France
391,399,406,2.53,2.69,1.2,1.29,2.14,4.47,0.77,0.65,1.36,2.01,2.58,3.22,45.21796,-0.18348,Montguyon,France
392,400,407,1.99,1.62,0.91,1.42,2.04,3.19,1.87,0.99,2.47,1.8,1.93,2.84,47.15773,1.20173,Montrésor,France
393,401,408,0.94,0.66,0.92,2.06,0.89,1.59,0.68,0.23,1.1,0.84,0.82,1.04,41.91864,0.18939,Monzón,España
394,402,409,1.13,0.79,1.55,1.98,1.85,0.79,0.67,0.87,2.04,2.06,2.6,0.87,40.62407,-0.09144,Morella,España
395,403,410,3.36,2.92,1.63,1.36,2.53,2.31,1.79,1.28,3.52,2.87,3.42,4.68,48.57417,-3.83156,Morlaix,France
396,404,411,1.76,1.54,1.23,1.74,2.01,5.56,1.31,1.9,4.9,1.66,2.24,2.43,46.55806,3.32464,Moulins,France
397,405,412,1.96,1.62,1.67,1.53,2.07,2.14,1.44,1.25,1.39,2.24,2.34,2.17,46.33329,0.81055,Moulismes,France
398,406,413,0.9,0.49,1.37,1.14,0.73,0.38,0.06,0.42,1.47,0.92,1.14,1.05,38.03972,-1.48139,Mula,España
399,407,414,2.71,2.52,1.08,1.16,2.17,3.22,1.01,1.36,1.73,2.18,2.54,3.43,46.37796,-0.06916,Bougon,France
400,408,415,6.45,5.36,5.18,4.53,2.98,2.03,1.33,1.67,2.09,6.83,7.0,7.11,43.09903,-9.21275,Muxía,España
401,409,416,2.12,2.01,1.82,1.41,2.14,1.79,2.12,2.29,1.93,2.05,2.18,2.36,48.69226,6.19342,Nancy,France
402,410,417,3.45,3.1,1.74,2.43,3.72,3.84,3.41,2.08,3.88,2.52,4.87,5.14,46.15671,5.60363,Nantua,France
403,411,418,0.66,0.74,1.8,1.79,1.12,0.76,0.64,0.96,1.74,1.16,1.86,0.7,41.75669,1.90929,Navarcles,España
404,412,419,4.01,3.26,2.89,2.86,2.23,2.2,1.27,1.63,2.11,3.43,5.06,4.14,43.40394,-6.54168,Tineo,España
405,413,420,4.01,3.26,2.89,2.86,2.23,2.2,1.27,1.63,2.11,3.43,5.06,4.14,43.545,-6.72217,Navia,España
406,414,421,6.45,5.36,5.18,4.53,2.98,2.03,1.33,1.67,2.09,6.83,7.0,7.11,42.91201,-8.73342,Negreira,España
407,415,422,1.46,1.58,1.68,1.36,0.7,0.76,0.94,0.91,1.27,1.71,4.27,2.25,40.78257,17.23397,Alberobello,Italia
408,416,423,2.33,2.07,1.17,1.1,1.86,2.5,1.35,1.84,1.62,3.27,3.18,4.04,47.0008,-2.25208,Noirmoutier-en-l'Île,France
409,417,424,1.47,1.19,1.3,1.12,2.22,2.36,2.63,2.47,1.49,1.39,1.43,1.56,48.85535,10.48438,Nördlingen,Deutschland
410,418,426,3.89,3.3,2.95,2.82,1.9,1.71,0.98,1.19,1.4,4.19,5.08,4.07,43.53751,-7.93867,As Somozas,España
411,420,428,3.07,2.75,2.42,2.01,1.86,1.36,0.85,0.71,1.14,1.85,3.41,2.53,43.02792,-2.40563,Oñati,España
412,421,429,4.0,3.41,3.78,2.99,5.14,5.98,6.29,6.6,4.85,3.59,3.3,3.79,47.40849,10.28578,Oberstdorf,Deutschland
413,422,430,,,,,0.94,1.02,0.05,0.04,1.99,4.39,5.07,6.97,39.3564,-9.15703,Óbidos,Portugal
414,423,431,2.03,1.91,1.85,1.52,2.42,1.94,2.39,2.51,2.01,2.19,2.07,2.34,49.19718,9.51126,Öhringen,Deutschland
415,424,432,2.64,2.14,2.33,2.37,1.85,1.83,0.84,0.89,1.29,1.92,3.05,2.12,42.48027,-1.64719,Olite/Erriberri,España
416,425,433,,,,,0.32,3.64,0.78,1.33,3.8,0.67,7.02,2.43,43.18371,-0.60846,Oloron-Sainte-Marie,France
417,426,434,1.58,1.53,1.56,1.95,2.53,2.5,2.37,2.64,1.94,2.2,1.93,1.92,47.49189,7.39047,Oltingue,France
418,427,435,1.93,1.85,2.3,2.33,1.25,0.19,0.03,0.06,1.07,2.08,2.57,2.39,36.94139,-5.25306,Olvera,España
419,428,436,2.89,2.42,2.63,2.57,3.14,2.68,1.99,2.07,2.1,2.6,3.25,2.93,45.93565,1.02518,Oradour-sur-Glane,France
420,429,437,,,,,0.38,2.52,0.5,3.41,6.79,0.24,13.43,3.34,43.17861,-1.48806,Baztan,España
421,430,438,,,,,2.48,2.95,0.6,2.66,4.01,8.01,1.78,2.64,45.79726,8.41193,Orta San Giulio,Italia
422,431,439,4.01,3.26,2.89,2.86,2.23,2.2,1.27,1.63,2.11,3.43,5.06,4.14,43.56083,-6.73389,Coaña,España
423,432,440,1.85,1.74,1.19,1.59,2.22,2.72,3.12,3.48,2.65,3.25,2.92,1.79,59.91824,10.6759,Oslo,Norge
424,433,441,4.06,3.57,3.4,3.25,2.12,1.67,0.87,0.93,1.47,4.54,5.09,4.49,43.56505,-7.64381,Ourol,España
425,434,442,3.63,3.35,2.95,3.19,2.58,2.4,1.28,1.65,1.88,3.13,4.88,3.39,43.38283,-5.82377,Oviedo,España
426,435,443,2.98,2.04,1.35,1.1,1.63,2.92,1.09,1.15,2.3,2.74,3.28,3.51,48.7825,-3.04694,Paimpol,France
427,436,444,3.01,2.59,2.58,2.58,1.65,1.23,0.49,0.63,1.5,3.99,3.45,3.34,42.38278,-7.57146,Parada de Sil,España
428,437,445,1.2,0.26,2.24,1.9,0.69,0.36,0.16,0.68,1.49,1.4,0.95,0.94,38.649,0.06661,Calp,España
429,438,446,10.27,13.98,12.08,9.8,6.03,2.35,1.79,1.22,2.29,2.45,7.63,7.78,44.58931,10.53539,Vezzano sul Crostolo,Italia
430,439,447,3.1,2.68,2.28,1.88,2.05,1.21,1.01,1.18,2.75,3.48,4.88,3.54,43.90804,10.21881,Camaiore,Italia
431,440,448,2.26,1.84,0.87,0.45,1.98,2.03,1.35,1.17,1.71,2.17,1.61,2.25,51.26232,1.10247,Canterbury,United Kingdom
432,441,449,1.86,1.13,2.54,2.29,1.44,0.2,0.16,0.33,1.04,1.57,6.59,2.54,41.56393,9.33596,Porto-Vecchio,France
433,442,450,1.13,0.79,1.55,1.98,1.85,0.79,0.67,0.87,2.04,2.06,2.6,0.87,40.37837,0.40647,Peníscola / Peñíscola,España
434,443,451,1.59,1.81,2.33,1.99,1.2,0.16,0.01,0.26,0.99,2.35,2.45,2.93,37.87431,-4.78726,Córdoba,España
435,444,452,2.0,2.43,3.19,3.27,1.49,0.32,0.04,0.32,1.23,3.47,4.75,4.51,37.0983,-8.24369,Albufeira,Portugal
436,445,453,1.59,1.81,2.33,1.99,1.2,0.16,0.01,0.26,0.99,2.35,2.45,2.93,37.9671,-4.46118,Pedro Abad,España
437,446,454,,,,,0.26,0.33,0.01,2.75,3.0,0.5,2.63,3.39,43.62857,5.15376,Pélissanne,France
438,447,455,3.01,2.59,2.58,2.58,1.65,1.23,0.49,0.63,1.5,3.99,3.45,3.34,42.46894,-7.28626,Ribas de Sil,España
439,448,456,2.1,2.53,1.4,2.18,2.21,4.26,1.58,1.01,1.93,1.34,2.57,3.41,45.18768,0.73078,Périgueux,France
440,449,457,3.43,2.86,2.6,3.17,3.26,2.38,2.03,1.88,2.25,2.28,3.72,2.93,42.78636,0.15718,Aragnouet,France
441,450,458,3.43,2.86,2.6,3.17,3.26,2.38,2.03,1.88,2.25,2.28,3.72,2.93,42.96053,-0.07718,Pierrefitte-Nestalas,France
442,451,459,0.9,1.11,1.26,1.51,0.96,0.43,0.16,0.29,0.71,1.78,1.42,1.29,40.2383,-3.6907,Pinto,España
443,452,460,1.31,0.98,1.0,1.85,0.7,2.09,0.85,0.31,1.53,1.36,2.21,1.87,42.50571,-0.35694,Sabiñánigo,España
444,453,461,,,,,0.0,3.25,0.13,1.16,2.48,3.52,6.36,5.4,47.79894,-4.19818,Larvor,France
445,454,462,1.13,0.79,1.55,1.98,1.85,0.79,0.67,0.87,2.04,2.06,2.6,0.87,40.57582,0.39331,Sant Jordi / San Jorge,España
446,455,463,,,,,1.18,4.02,0.34,2.92,2.35,1.08,2.06,2.14,45.37474,4.44875,Planfoy,France
447,456,464,1.5,1.46,1.72,2.14,2.09,1.44,1.35,1.61,2.3,2.53,2.17,1.05,41.81022,3.05792,Castell-Platja d'Aro,España
448,457,465,3.62,3.29,2.74,2.47,1.93,2.1,1.05,1.54,1.87,2.97,4.62,3.9,43.5445,-5.69571,Gijón/Xixón,España
449,458,466,,,,,0.3,2.04,0.59,2.16,6.04,0.81,10.77,2.75,43.50672,-1.5346,Anglet,France
450,459,467,,,,,0.14,2.18,0.08,1.41,3.67,2.33,3.49,3.23,48.58029,-2.14482,Beaussais-sur-Mer,France
451,460,468,3.36,2.92,1.63,1.36,2.53,2.31,1.79,1.28,3.52,2.87,3.42,4.68,48.69406,-3.79212,Plougasnou,France
452,461,469,3.52,3.46,1.98,0.95,2.18,2.3,1.81,1.74,2.49,5.08,4.71,5.62,48.33771,-4.70729,Plougonvelin,France
453,462,470,3.01,2.59,2.58,2.58,1.65,1.23,0.49,0.63,1.5,3.99,3.45,3.34,42.56932,-7.39408,A Pobra do Brollón,España
454,463,471,3.63,3.35,2.95,3.19,2.58,2.4,1.28,1.65,1.88,3.13,4.88,3.39,43.25484,-5.56842,Pola de Laviana,España
455,464,472,4.13,2.65,1.87,1.77,2.17,3.27,0.86,0.98,2.73,1.32,5.63,4.34,43.62839,-0.82864,Pomarez,France
456,465,473,2.36,2.07,1.78,1.6,1.33,1.21,0.65,0.6,1.11,2.54,2.61,2.71,42.54372,-6.5869,Ponferrada,España
457,466,474,3.14,2.06,1.69,1.87,1.98,2.82,2.67,1.76,1.96,2.22,2.27,2.35,48.90235,6.06122,Pont-à-Mousson,France
458,467,475,6.03,4.46,4.71,4.79,3.13,2.03,1.29,1.64,2.22,7.01,7.07,7.06,42.42291,-8.65615,Pontevedra,España
459,468,476,2.33,2.07,1.17,1.1,1.86,2.5,1.35,1.84,1.62,3.27,3.18,4.04,47.12075,-2.09178,Pornic,France
460,469,477,,,,,0.0,4.26,0.69,0.56,1.49,2.08,4.99,1.97,45.94716,-1.09008,Port-des-Barques,France
461,470,478,1.48,1.09,3.38,2.0,0.71,0.29,0.04,0.42,1.36,0.6,4.0,0.84,42.51776,3.11373,Port-Vendres,France
462,471,479,3.88,2.37,1.02,3.32,2.55,0.45,0.53,1.65,7.04,3.26,8.53,6.88,44.05962,9.84879,Le Grazie,Italia
463,472,480,3.62,3.29,2.74,2.47,1.93,2.1,1.05,1.54,1.87,2.97,4.62,3.9,43.15212,-4.91753,Posada de Valdeón,España
464,473,481,3.93,4.73,5.36,4.89,2.73,0.79,0.27,0.24,3.0,6.71,5.79,6.43,40.22981,-7.22189,Meimoa,Portugal
465,474,482,1.1,1.16,1.55,1.95,1.06,0.41,0.11,0.25,1.04,1.68,1.62,1.48,39.32651,-3.48327,Puerto Lápice,España
466,475,483,3.93,4.73,5.36,4.89,2.73,0.79,0.27,0.24,3.0,6.71,5.79,6.43,39.34073,-7.27758,Valencia de Alcántara,España
467,476,484,2.59,2.21,1.67,1.98,1.84,2.98,1.62,0.69,2.83,0.56,3.62,2.37,43.5687,2.01246,Puylaurens,France
468,477,485,1.5,1.46,1.72,2.14,2.09,1.44,1.35,1.61,2.3,2.53,2.17,1.05,41.93956,2.83923,Palol d'Onyar,España
469,478,486,2.0,2.43,3.19,3.27,1.49,0.32,0.04,0.32,1.23,3.47,4.75,4.51,37.07342,-8.07721,Quarteira,Portugal
470,479,487,1.03,0.83,0.83,0.8,1.83,1.86,2.11,1.86,1.68,1.2,1.12,0.91,51.79103,11.13946,Quedlinburg,Deutschland
471,480,488,2.44,1.37,1.46,2.33,0.91,0.97,0.73,0.47,1.16,1.82,6.45,2.94,42.89456,11.77516,Radicofani,Italia
472,481,489,,,,,1.24,1.92,0.63,0.4,1.95,1.81,2.19,3.11,55.70675,9.26554,Vejle Kommune,Danmark
473,482,490,,,,,0.32,3.64,0.78,1.33,3.8,0.67,7.02,2.43,43.15689,-0.39716,Rébénacq,France
474,483,491,1.94,1.8,1.48,1.3,0.99,0.38,0.18,0.51,2.53,2.22,3.92,1.8,39.98514,4.09242,es Mercadal,España
475,484,492,1.48,1.09,3.38,2.0,0.71,0.29,0.04,0.42,1.36,0.6,4.0,0.84,42.41864,2.91386,Cantallops,España
476,485,493,2.97,2.48,2.34,2.82,3.52,2.54,2.09,2.12,2.17,2.26,3.2,2.58,42.43908,1.13397,Rialp,España
477,486,494,,,,,0.64,2.2,0.67,0.06,2.28,1.65,2.83,1.8,55.32483,8.75769,Ribe,Danmark
478,487,495,1.5,1.46,1.72,2.14,2.09,1.44,1.35,1.61,2.3,2.53,2.17,1.05,42.20253,2.19365,Ripoll,España
479,488,496,,,,,0.0,4.26,0.69,0.56,1.49,2.08,4.99,1.97,45.94459,-0.95563,Rochefort,France
480,489,497,3.1,2.68,2.28,1.88,2.05,1.21,1.01,1.18,2.75,3.48,4.88,3.54,43.3984,10.42847,Rosignano Solvay,Italia
481,490,498,2.01,1.9,1.53,1.48,2.46,2.11,2.48,2.22,1.83,1.96,2.06,2.15,49.50721,9.97036,Röttingen,Deutschland
482,491,499,,,,,0.28,2.53,0.94,2.23,3.15,1.94,2.44,1.72,47.95573,7.29559,Rouffach,France
483,492,500,2.67,1.72,0.93,2.73,2.77,0.79,1.14,1.78,6.96,1.92,4.07,4.44,45.08894,13.64519,Grad Rovinj,Hrvatska
484,493,501,1.5,1.46,1.72,2.14,2.09,1.44,1.35,1.61,2.3,2.53,2.17,1.05,42.02585,2.46492,Rupit i Pruit,España
485,494,502,3.98,2.72,1.76,2.58,3.71,4.54,2.86,2.02,2.92,3.58,3.34,3.59,47.92057,6.66186,Rupt-sur-Moselle,France
486,495,503,3.07,2.75,2.42,2.01,1.86,1.36,0.85,0.71,1.14,1.85,3.41,2.53,42.55933,-2.75989,San Vicente de la Sonsierra,España
487,496,504,3.62,3.2,2.85,2.93,1.83,1.59,0.95,1.11,1.48,4.33,5.14,4.02,43.35474,-8.25381,Sada,España
488,497,505,1.79,1.55,1.81,2.39,1.37,0.69,0.5,0.63,1.08,2.55,2.46,1.35,42.45764,2.0377,Saillagouse,France
489,498,506,4.7,0.0,0.52,0.59,0.03,1.77,0.1,0.61,2.19,2.06,3.6,2.83,48.18293,-3.01287,Saint-Aignan,France
490,499,507,2.38,1.94,1.68,1.66,1.91,3.52,1.37,0.69,3.78,2.07,2.04,3.07,46.73438,2.48668,Saint-Amand-Montrond,France
491,500,508,2.53,2.69,1.2,1.29,2.14,4.47,0.77,0.65,1.36,2.01,2.58,3.22,45.60424,-0.99979,Saint-Georges-de-Didonne,France
492,501,509,3.28,2.42,1.53,2.3,2.5,3.75,2.4,2.0,1.54,2.29,2.38,2.83,48.23244,7.37232,Saint-Hippolyte,France
493,502,510,2.53,2.69,1.2,1.29,2.14,4.47,0.77,0.65,1.36,2.01,2.58,3.22,45.94528,-0.53689,Saint-Jean-d'Angély,France
494,503,511,2.97,2.48,2.34,2.82,3.52,2.54,2.09,2.12,2.17,2.26,3.2,2.58,43.14181,0.92877,Saint-Martory,France
495,504,512,3.98,2.72,1.76,2.58,3.71,4.54,2.86,2.02,2.92,3.58,3.34,3.59,48.04526,6.58173,Saint-Nabord,France
496,505,513,2.89,2.36,2.15,2.27,2.16,2.23,1.37,1.52,1.77,2.45,3.55,3.08,45.14795,-0.6049,Saint-Paul,France
497,506,514,4.13,2.65,1.87,1.77,2.17,3.27,0.86,0.98,2.73,1.32,5.63,4.34,43.73436,-1.07854,Saint-Paul-lès-Dax,France
498,507,515,2.89,2.36,2.15,2.27,2.16,2.23,1.37,1.52,1.77,2.45,3.55,3.08,44.9639,-0.40186,Saint-Romain-la-Virvée,France
499,508,516,2.53,2.69,1.2,1.29,2.14,4.47,0.77,0.65,1.36,2.01,2.58,3.22,45.38791,-0.68986,Saint-Thomas-de-Conac,France
500,509,517,3.52,1.59,1.32,0.99,2.28,2.47,1.86,1.06,2.66,3.38,4.01,3.75,49.65087,0.16317,Saint-Jouin-Bruneval,France
501,510,518,1.79,1.41,1.63,1.67,2.35,1.99,1.99,1.82,1.44,2.45,2.56,1.81,46.84505,4.6331,Saint-Léger-sur-Dheune,France
502,511,519,,,,,0.06,0.55,0.1,0.5,1.6,1.05,2.31,4.16,43.26457,6.67275,Saint-Tropez,France
503,512,520,3.07,2.75,2.42,2.01,1.86,1.36,0.85,0.71,1.14,1.85,3.41,2.53,42.85337,-2.38521,Agurain/Salvatierra,España
504,513,521,0.94,0.66,0.92,2.06,0.89,1.59,0.68,0.23,1.1,0.84,0.82,1.04,41.90606,0.33159,San Esteban de Litera,España
505,514,522,,,,,1.92,2.09,0.45,1.63,3.01,0.29,3.72,2.45,45.46794,12.27851,Mestre,Italia
506,515,523,,,,,0.38,2.52,0.5,3.41,6.79,0.24,13.43,3.34,43.38525,-1.66291,Saint-Jean-de-Luz,France
507,516,524,1.5,1.46,1.72,2.14,2.09,1.44,1.35,1.61,2.3,2.53,2.17,1.05,41.88429,2.50802,Sant Hilari Sacalm,España
508,517,525,0.66,0.74,1.8,1.79,1.12,0.76,0.64,0.96,1.74,1.16,1.86,0.7,42.13664,1.59284,Sant Llorenç de Morunys,España
509,518,526,4.06,3.57,3.4,3.25,2.12,1.67,0.87,0.93,1.47,4.54,5.09,4.49,43.25778,-7.01861,Santa Eulalia de Oscos,España
510,519,527,6.45,5.36,5.18,4.53,2.98,2.03,1.33,1.67,2.09,6.83,7.0,7.11,42.89755,-8.53028,Santiago de Compostela,España
511,520,528,6.03,4.46,4.71,4.79,3.13,2.03,1.29,1.64,2.22,7.01,7.07,7.06,42.40952,-8.86183,Soutullo,España
512,521,529,2.17,1.81,2.2,2.66,2.5,2.48,1.59,1.75,1.95,2.02,2.57,2.08,44.89558,1.21243,Sarlat-la-Canéda,France
513,522,530,,,,,0.32,3.64,0.78,1.33,3.8,0.67,7.02,2.43,43.40312,-0.38763,Sauvagnon,France
514,523,532,3.75,2.96,2.31,2.02,3.46,3.47,2.82,2.79,2.03,2.36,2.89,4.44,47.81525,8.18096,Schluchsee,Deutschland
515,524,533,,,,,5.78,1.45,0.3,0.41,5.88,0.65,7.03,7.76,43.51267,16.1796,Seget Vranjica,Hrvatska
516,525,534,1.15,0.84,1.94,1.44,1.46,0.76,0.35,0.69,2.06,1.74,2.22,0.99,39.84806,-0.48167,Segorbe,España
517,526,535,1.43,1.2,1.33,1.74,1.59,1.07,0.59,0.52,0.79,1.83,1.8,1.25,40.94103,-4.10818,Segovia,España
518,527,536,,,,,0.3,2.04,0.59,2.16,6.04,0.81,10.77,2.75,43.6924,-1.42621,Le Penon,France
519,528,537,,,,,0.0,7.51,0.2,1.73,3.25,1.56,3.12,2.02,46.26622,4.09068,Semur-en-Brionnais,France
520,529,538,0.3,0.8,1.83,1.27,1.07,0.46,0.52,0.99,2.79,0.66,2.88,1.82,43.36629,3.6163,Sète,France
521,530,539,3.2,2.71,1.85,2.19,3.51,3.91,3.03,1.75,2.85,3.2,2.94,3.11,47.00408,5.14326,Seurre,France
522,531,540,1.62,1.57,1.78,1.9,0.96,0.1,0.01,0.1,0.97,2.35,2.35,2.28,37.3662,-5.9939,Sevilla,España
523,532,541,,,,,0.88,1.05,0.72,0.19,1.69,0.44,0.39,1.74,56.06374,14.5712,Sölvesborg,Sverige
524,533,542,4.66,4.07,3.37,2.91,2.3,1.99,1.43,1.43,2.24,3.02,6.33,4.23,43.37371,-2.98962,Sopelana,España
525,534,543,2.64,2.14,2.33,2.37,1.85,1.83,0.84,0.89,1.29,1.92,3.05,2.12,42.49142,-1.21393,Sos del Rey Católico,España
526,535,544,3.43,2.86,2.6,3.17,3.26,2.38,2.03,1.88,2.25,2.28,3.72,2.93,42.95579,-0.07255,Soulom,France
527,536,545,2.17,1.81,2.2,2.66,2.5,2.48,1.59,1.75,1.95,2.02,2.57,2.08,44.47074,1.68069,Saint-Cirq-Lapopie,France
528,537,546,2.1,1.87,1.12,0.7,1.7,2.32,0.69,0.77,0.99,2.33,3.57,2.9,46.2274,-1.54642,Le Gillieux,France
529,538,547,2.17,1.81,2.2,2.66,2.5,2.48,1.59,1.75,1.95,2.02,2.57,2.08,44.86838,1.04382,Saint-Cyprien,France
530,539,548,2.1,2.53,1.4,2.18,2.21,4.26,1.58,1.01,1.93,1.34,2.57,3.41,45.01234,1.08971,Saint-Léon-sur-Vézère,France
531,540,549,2.86,2.23,2.14,2.76,2.61,2.29,1.49,1.37,1.98,2.43,3.25,2.69,43.7592,-0.57572,Saint-Sever,France
532,541,550,2.89,2.36,2.15,2.27,2.16,2.23,1.37,1.52,1.77,2.45,3.55,3.08,45.14921,-0.82118,Saint-Laurent-Médoc,France
533,542,551,2.85,2.41,1.28,1.67,2.41,3.62,1.1,0.97,1.93,1.9,4.49,4.75,44.30765,-1.18127,Sainte-Eulalie-en-Born,France
534,543,552,2.2,2.0,1.92,1.42,2.3,1.84,1.64,1.63,1.37,2.39,2.64,2.95,48.40216,-0.08907,Saint-Pierre-des-Nids,France
535,544,553,2.22,1.99,1.79,1.41,1.88,1.94,2.12,2.64,1.93,2.5,2.9,2.75,50.1825,1.62888,Saint-Valery-sur-Somme,France
536,545,554,1.95,1.67,1.42,1.3,1.63,1.88,2.37,2.29,1.87,1.71,1.67,1.86,53.11381,8.83575,Bremen,Deutschland
537,546,555,2.05,3.04,0.71,1.29,1.38,0.43,1.5,1.2,1.44,1.36,0.88,2.02,56.28647,13.33925,Örkelljunga kommun,Sverige
538,547,556,,,,,0.0,0.76,0.11,1.67,2.54,0.91,3.43,4.25,43.76075,6.15109,Sainte-Croix-du-Verdon,France
539,548,557,2.64,2.43,1.88,1.43,2.64,2.07,2.63,2.37,2.07,2.11,2.26,2.76,50.31584,9.46043,Steinau an der Straße,Deutschland
540,549,558,1.15,0.84,1.94,1.44,1.46,0.76,0.35,0.69,2.06,1.74,2.22,0.99,39.95357,-0.33495,Suera / Sueras,España
541,550,559,2.47,1.64,1.06,1.18,2.09,3.35,1.73,1.01,2.54,2.1,1.52,2.45,47.77111,2.38452,Sully-sur-Loire,France
542,551,561,1.5,1.46,1.72,2.14,2.09,1.44,1.35,1.61,2.3,2.53,2.17,1.05,42.08313,3.05739,Tor,España
543,552,562,2.1,1.87,1.12,0.7,1.7,2.32,0.69,0.77,0.99,2.33,3.57,2.9,46.46716,-1.61555,Talmont-Saint-Hilaire,France
544,553,563,0.94,0.66,0.92,2.06,0.89,1.59,0.68,0.23,1.1,0.84,0.82,1.04,41.86307,0.428,Tamarite de Litera,España
545,554,564,4.06,3.57,3.4,3.25,2.12,1.67,0.87,0.93,1.47,4.54,5.09,4.49,43.56608,-6.94606,Tapia de Casariego,España
546,555,565,4.06,3.57,3.4,3.25,2.12,1.67,0.87,0.93,1.47,4.54,5.09,4.49,43.35971,-7.10734,Taramundi,España
547,556,566,2.21,2.27,1.21,1.46,1.71,3.19,0.75,0.76,1.34,1.02,4.47,3.69,44.7171,-1.06977,Lanton,France
548,557,567,1.5,1.46,1.72,2.14,2.09,1.44,1.35,1.61,2.3,2.53,2.17,1.05,41.99468,2.41583,Tavertet,España
549,558,568,3.01,2.59,2.58,2.58,1.65,1.23,0.49,0.63,1.5,3.99,3.45,3.34,42.33262,-8.0131,Cenlle,España
550,559,569,0.78,0.67,1.05,1.36,1.29,1.05,0.53,0.56,0.86,1.09,1.31,0.54,41.99417,-1.68778,Cascante,España
551,560,570,,,,,0.28,2.53,0.94,2.23,3.15,1.94,2.44,1.72,47.81144,7.10502,Thann,France
552,562,572,0.71,1.72,1.26,1.84,2.17,1.84,1.82,1.17,3.26,5.6,4.5,2.84,44.67232,4.21924,Thueyts,France
553,563,573,2.62,1.81,2.46,2.17,1.18,1.29,0.25,1.66,4.37,0.99,7.58,5.0,41.95863,12.80404,Tivoli,Italia
554,564,574,5.47,4.65,4.09,3.89,3.76,3.3,2.82,3.42,3.49,4.66,7.39,4.89,43.13389,-2.08383,Tolosa,España
555,565,575,1.8,1.57,1.33,1.54,1.85,2.05,2.06,2.52,2.12,2.55,1.97,2.03,57.25084,-3.37592,Tomintoul,United Kingdom
556,566,576,1.22,0.94,1.18,1.67,1.3,1.13,0.45,0.45,0.98,1.9,1.65,1.36,42.03667,-4.31611,Torquemada,España
557,567,577,1.52,2.15,2.21,2.24,1.21,0.43,0.08,0.12,0.98,3.11,2.56,2.47,40.22075,-6.57148,Torre de Don Miguel,España
558,568,578,,,,,0.0,1.1,0.7,0.05,1.95,6.58,8.14,10.1,41.18093,-7.0418,Torre de Moncorvo,Portugal
559,569,579,0.5,0.54,1.01,1.54,1.59,1.51,0.69,1.06,1.1,1.3,1.0,0.46,40.09388,-1.25381,Torrebaja,España
560,570,580,1.13,0.79,1.55,1.98,1.85,0.79,0.67,0.87,2.04,2.06,2.6,0.87,40.80278,0.51417,Tortosa,España
561,571,581,1.84,1.8,1.77,1.32,2.04,2.0,2.04,2.27,1.77,2.13,2.33,2.28,50.60409,3.38181,Tournai,België / Belgique / Belgien
562,572,582,1.35,1.41,0.89,2.26,2.5,3.16,2.14,1.44,2.26,3.85,4.3,3.18,45.07314,4.82221,Tournon-sur-Rhône,France
563,573,583,3.59,2.66,1.7,1.18,2.06,2.76,1.15,1.26,2.5,2.58,3.29,4.2,48.79041,-3.23074,Tréguier,France
564,574,584,2.05,1.75,1.32,1.25,2.11,2.28,2.21,1.76,1.96,1.88,2.05,2.57,49.74087,6.62492,Trier,Deutschland
565,575,585,1.98,1.38,0.94,0.94,2.55,3.51,1.34,0.97,1.68,2.42,1.65,2.97,47.22557,0.02328,Turquant,France
566,576,586,1.55,1.88,2.19,2.2,1.13,0.32,0.04,0.24,0.89,1.53,2.08,2.08,38.0065,-3.37933,Úbeda,España
567,577,587,1.13,1.4,1.77,2.27,1.45,1.01,0.4,0.68,1.3,1.95,1.66,1.52,39.98667,-2.85972,Uclés,España
568,578,588,1.59,1.39,1.58,1.38,2.65,2.46,2.89,2.95,1.74,1.68,1.5,1.83,48.40741,10.0095,Ulm,Deutschland
569,579,589,2.64,2.14,2.33,2.37,1.85,1.83,0.84,0.89,1.29,1.92,3.05,2.12,42.36,-1.12807,Uncastillo,España
570,580,590,1.49,1.37,1.55,1.78,2.43,1.83,1.33,1.42,1.48,2.09,2.86,2.16,44.24285,6.62205,Allos,France
571,581,591,1.36,1.34,1.32,1.76,1.52,0.97,0.48,0.42,1.04,2.11,1.74,1.84,42.28755,-5.5131,Valencia de Don Juan,España
572,582,592,1.38,0.97,1.16,1.85,1.29,0.88,0.37,0.29,0.94,1.99,1.73,1.37,41.65579,-4.73697,Valladolid,España
573,583,593,1.13,1.19,1.43,1.59,1.36,0.65,0.93,1.57,2.4,2.68,1.65,0.84,41.38233,1.92724,Vallirana,España
574,584,594,0.48,0.52,5.85,3.5,0.94,0.21,0.01,0.08,0.7,0.41,1.68,3.49,37.1952,-2.98435,Dólar,España
575,585,595,1.43,1.06,0.14,1.24,2.65,0.76,2.49,1.24,2.65,1.36,3.1,1.76,45.33437,8.419,Vercelli,Italia
576,586,596,1.79,1.55,1.81,2.39,1.37,0.69,0.5,0.63,1.08,2.55,2.46,1.35,42.54287,2.39088,Vernet-les-Bains,France
577,587,597,2.17,1.81,2.2,2.66,2.5,2.48,1.59,1.75,1.95,2.02,2.57,2.08,44.48557,1.55517,Saint-Géry-Vers,France
578,588,598,1.5,1.46,1.72,2.14,2.09,1.44,1.35,1.61,2.3,2.53,2.17,1.05,41.93452,2.24112,Vic,España
579,589,599,7.05,5.21,5.16,4.96,3.04,1.88,1.24,1.37,2.33,6.99,7.29,7.78,41.93786,-8.74717,Vila Nova de Cerveira,Portugal
580,590,600,1.5,1.46,1.72,2.14,2.09,1.44,1.35,1.61,2.3,2.53,2.17,1.05,41.84548,2.38737,Viladrau,España
581,591,601,1.13,1.19,1.43,1.59,1.36,0.65,0.93,1.57,2.4,2.68,1.65,0.84,41.34035,1.69125,Vilafranca del Penedès,España
582,592,602,0.9,0.49,1.37,1.14,0.73,0.38,0.06,0.42,1.47,0.92,1.14,1.05,37.52579,-1.43387,Lorca,España
583,593,603,4.06,3.57,3.4,3.25,2.12,1.67,0.87,0.93,1.47,4.54,5.09,4.49,43.29575,-7.67702,Vilalba,España
584,594,604,4.06,3.57,3.4,3.25,2.12,1.67,0.87,0.93,1.47,4.54,5.09,4.49,43.31052,-6.98628,Villanueva de Oscos,España
585,595,605,1.87,1.63,1.64,1.37,1.93,1.99,1.53,1.35,1.35,2.06,2.06,2.25,47.5447,0.88706,Villedômer,France
586,596,606,1.76,1.54,1.23,1.74,2.01,5.56,1.31,1.9,4.9,1.66,2.24,2.43,46.39577,2.85695,Villefranche-d'Allier,France
587,597,607,2.38,2.36,1.36,1.8,2.19,4.42,1.16,0.88,2.05,1.03,2.71,3.08,44.63844,0.74033,Villeréal,France
588,598,608,5.15,5.22,4.81,4.68,3.32,2.17,1.13,1.45,3.03,6.26,4.66,7.03,41.83382,-7.00304,Vinhais,Portugal
589,599,609,3.1,2.68,2.28,1.88,2.05,1.21,1.01,1.18,2.75,3.48,4.88,3.54,43.40271,10.86199,Volterra,Italia
590,600,610,1.87,1.63,1.64,1.37,1.93,1.99,1.53,1.35,1.35,2.06,2.06,2.25,47.40943,0.7975,Vouvray,France
591,601,611,2.39,1.89,1.57,1.24,1.9,1.93,2.57,2.3,1.84,1.95,1.96,2.13,52.88354,9.59644,Walsrode,Deutschland
592,603,613,2.56,2.06,1.83,1.42,2.43,2.04,2.54,2.48,1.87,1.86,2.19,2.39,51.34575,9.85379,Witzenhausen,Deutschland
593,604,614,3.01,2.59,2.58,2.58,1.65,1.23,0.49,0.63,1.5,3.99,3.45,3.34,42.06222,-7.71944,Xinzo de Limia,España
594,605,615,5.47,4.65,4.09,3.89,3.76,3.3,2.82,3.42,3.49,4.66,7.39,4.89,43.27792,-2.17018,Zarautz,España
595,606,616,3.07,2.75,2.42,2.01,1.86,1.36,0.85,0.71,1.14,1.85,3.41,2.53,42.97597,-2.29271,Zegama,España
596,607,617,5.47,4.65,4.09,3.89,3.76,3.3,2.82,3.42,3.49,4.66,7.39,4.89,43.24086,-2.26089,Zestoa,España
597,608,618,2.5,2.06,1.07,1.18,2.29,3.01,1.44,1.47,2.92,2.15,2.91,2.95,51.19494,3.22329,Brugge,België / Belgique / Belgien
598,609,619,1.59,1.81,2.33,1.99,1.2,0.16,0.01,0.26,0.99,2.35,2.45,2.93,37.46667,-4.42401,Cabra,España
599,610,621,1.93,1.85,2.3,2.33,1.25,0.19,0.03,0.06,1.07,2.08,2.57,2.39,36.7569,-5.50707,El Bosque,España
600,611,622,1.13,1.4,1.77,2.27,1.45,1.01,0.4,0.68,1.3,1.95,1.66,1.52,39.86712,-2.57221,Zafra de Záncara,España
601,612,623,4.15,3.64,3.29,2.97,2.28,2.12,1.76,1.76,2.84,3.48,6.32,4.48,43.34486,-3.74168,Calgar,España
602,613,624,3.07,2.75,2.42,2.01,1.86,1.36,0.85,0.71,1.14,1.85,3.41,2.53,42.68846,-2.95483,Miranda de Ebro,España
603,614,625,,,,,0.0,1.1,0.7,0.05,1.95,6.58,8.14,10.1,41.15572,-7.78032,Peso da Régua,Portugal
604,615,626,1.29,1.51,1.56,1.6,0.95,0.37,0.08,0.14,0.7,2.11,1.83,1.93,38.42517,-6.41077,Zafra,España
605,616,627,,,,,0.94,1.02,0.05,0.04,1.99,4.39,5.07,6.97,39.66134,-8.8253,Batalha,Portugal
606,617,628,4.15,3.64,3.29,2.97,2.28,2.12,1.76,1.76,2.84,3.48,6.32,4.48,42.87147,-4.49976,Cervera de Pisuerga,España
607,618,629,1.38,0.97,1.16,1.85,1.29,0.88,0.37,0.29,0.94,1.99,1.73,1.37,41.40168,-4.32033,Cuéllar,España
608,619,630,3.01,2.59,2.58,2.58,1.65,1.23,0.49,0.63,1.5,3.99,3.45,3.34,42.60598,-7.77989,Chantada,España
609,620,631,,,,,0.26,1.28,0.24,0.69,5.63,3.03,8.41,4.06,50.67968,1.56637,Équihen-Plage,France
610,621,632,1.22,0.94,1.18,1.67,1.3,1.13,0.45,0.45,0.98,1.9,1.65,1.36,42.00401,-4.53493,Palencia,España
611,622,633,2.86,2.23,2.14,2.76,2.61,2.29,1.49,1.37,1.98,2.43,3.25,2.69,43.88982,-0.47566,Mont-de-Marsan,France
612,623,634,1.52,2.15,2.21,2.24,1.21,0.43,0.08,0.12,0.98,3.11,2.56,2.47,39.47993,-6.37121,Cáceres,España
613,624,635,1.24,1.31,1.6,1.38,0.93,0.15,0.0,0.06,0.85,1.23,1.85,1.54,37.44227,-4.21184,Priego de Córdoba,España
614,625,636,1.22,1.01,1.28,1.4,1.39,1.44,0.98,0.58,0.96,1.16,1.59,0.98,42.51945,-2.35994,Viana,España
615,626,637,3.98,2.72,1.76,2.58,3.71,4.54,2.86,2.02,2.92,3.58,3.34,3.59,47.62942,6.12669,Vaivre-et-Montoille,France
616,627,638,3.01,2.59,2.58,2.58,1.65,1.23,0.49,0.63,1.5,3.99,3.45,3.34,42.21444,-8.03306,Cartelle,España
617,628,639,0.66,0.74,1.8,1.79,1.12,0.76,0.64,0.96,1.74,1.16,1.86,0.7,41.63603,2.40798,Llinars del Vallès,España
618,629,640,3.07,2.75,2.42,2.01,1.86,1.36,0.85,0.71,1.14,1.85,3.41,2.53,42.86667,-2.68501,Vitoria-Gasteiz,España
619,630,641,0.75,0.87,1.27,1.57,1.27,0.7,0.5,1.02,2.47,2.39,1.76,0.8,41.28071,1.58177,Banyeres del Penedès,España
620,632,643,3.43,2.86,2.6,3.17,3.26,2.38,2.03,1.88,2.25,2.28,3.72,2.93,42.95853,-0.20743,Marsous,France
621,633,644,,,,,2.26,3.37,3.31,4.25,2.31,0.84,0.67,2.5,50.0277,19.20162,Oświęcim,Polska
622,635,646,3.01,2.59,2.58,2.58,1.65,1.23,0.49,0.63,1.5,3.99,3.45,3.34,42.2857,-8.14286,Ribadavia,España
623,636,647,1.22,0.94,1.18,1.67,1.3,1.13,0.45,0.45,0.98,1.9,1.65,1.36,42.10985,-4.64336,Becerril de Campos,España
624,637,648,2.89,2.36,2.15,2.27,2.16,2.23,1.37,1.52,1.77,2.45,3.55,3.08,44.63855,-0.31691,Cadillac-sur-Garonne,France
625,638,649,2.27,1.42,1.35,3.39,3.48,4.81,3.26,1.6,2.86,2.68,3.0,3.82,45.61159,7.73268,Hône,Italia
626,640,651,1.41,0.59,0.67,2.43,1.86,1.34,0.53,1.08,1.97,0.73,3.88,2.35,44.54056,10.82639,Fiorano Modenese,Italia
627,641,652,6.03,4.46,4.71,4.79,3.13,2.03,1.29,1.64,2.22,7.01,7.07,7.06,42.43789,-8.69432,Poio,España
628,642,653,1.5,1.46,1.72,2.14,2.09,1.44,1.35,1.61,2.3,2.53,2.17,1.05,41.90752,2.74256,Vilobí d'Onyar,España
629,643,654,1.76,1.54,1.23,1.74,2.01,5.56,1.31,1.9,4.9,1.66,2.24,2.43,46.02611,3.2031,Aigueperse,France
630,644,655,1.13,0.79,1.55,1.98,1.85,0.79,0.67,0.87,2.04,2.06,2.6,0.87,41.05194,-0.13911,Alcañiz,España
631,645,656,,,,,0.0,1.1,0.7,0.05,1.95,6.58,8.14,10.1,40.72902,-6.90168,Almeida,Portugal
632,646,657,6.03,4.46,4.71,4.79,3.13,2.03,1.29,1.64,2.22,7.01,7.07,7.06,42.33949,-8.61309,Soutomaior,España
633,647,658,3.63,5.19,2.95,3.85,1.91,2.04,0.32,0.15,3.87,7.32,5.51,9.94,40.92608,-8.25131,Arouca,Portugal
634,648,659,0.74,0.63,1.0,1.47,1.18,0.9,0.66,0.53,0.99,1.31,1.34,0.57,41.89256,1.04297,Artesa de Segre,España
635,649,660,1.78,1.67,2.14,1.48,0.88,0.11,0.0,0.07,0.9,2.34,3.12,2.41,36.23606,-6.06861,Vejer de la Frontera,España
636,650,661,4.01,3.26,2.89,2.86,2.23,2.2,1.27,1.63,2.11,3.43,5.06,4.14,43.55107,-5.9139,Avilés,España
637,651,662,1.16,1.28,1.53,2.17,0.99,0.02,0.06,0.02,0.34,1.75,2.7,2.33,37.21012,-7.40662,Ayamonte,España
638,652,663,2.27,1.42,1.35,3.39,3.48,4.81,3.26,1.6,2.86,2.68,3.0,3.82,45.70125,7.23933,Aymavilles,Italia
639,653,664,0.74,0.74,1.32,1.56,1.14,0.93,0.16,0.52,1.08,1.31,1.21,0.94,39.05604,-1.0526,Ayora,España
640,654,665,1.79,1.55,1.81,2.39,1.37,0.69,0.5,0.63,1.08,2.55,2.46,1.35,42.48707,1.94485,Dorres,France
641,655,666,3.09,2.43,2.06,2.32,3.26,3.42,3.04,3.09,2.27,2.44,2.66,3.38,47.54913,7.94716,Bad Säckingen,Deutschland
642,656,667,1.86,1.44,1.4,1.63,3.09,3.27,3.35,3.16,1.64,1.87,1.9,1.84,48.50058,9.37535,Bad Urach,Deutschland
643,657,668,6.91,5.49,4.65,2.67,4.39,3.74,4.1,3.51,2.96,3.88,5.27,6.98,48.51022,8.37201,Baiersbronn,Deutschland
644,658,670,1.78,1.67,2.14,1.48,0.88,0.11,0.0,0.07,0.9,2.34,3.12,2.41,36.18389,-5.93573,Barbate,España
645,659,671,2.86,1.71,1.0,0.55,1.18,2.0,0.88,0.77,1.5,2.38,2.95,3.42,46.73153,-1.91144,Saint-Hilaire-de-Riez,France
646,660,672,1.13,0.79,1.55,1.98,1.85,0.79,0.67,0.87,2.04,2.06,2.6,0.87,40.40415,0.41969,Benicarló,España
647,661,673,1.15,0.84,1.94,1.44,1.46,0.76,0.35,0.69,2.06,1.74,2.22,0.99,40.05584,0.06073,Benicàssim / Benicasim,España
648,662,674,1.5,1.46,1.72,2.14,2.09,1.44,1.35,1.61,2.3,2.53,2.17,1.05,42.19906,2.70398,Besalú,España
649,663,675,,,,,0.06,3.65,0.5,1.71,3.72,2.05,4.23,2.76,47.23705,6.01637,Besançon,France
650,665,677,3.45,3.1,1.74,2.43,3.72,3.84,3.41,2.08,3.88,2.52,4.87,5.14,46.20901,5.24037,Bourg-en-Bresse,France
651,666,678,2.59,1.56,1.17,1.55,1.89,3.05,1.34,1.15,4.53,0.98,2.76,2.47,44.25642,0.30669,Buzet-sur-Baïse,France
652,667,679,1.5,1.46,1.72,2.14,2.09,1.44,1.35,1.61,2.3,2.53,2.17,1.05,41.8394,2.8117,Caldes de Malavella,España
653,668,680,1.58,1.73,2.61,1.59,0.7,0.02,0.0,0.08,0.75,1.83,2.58,2.65,36.74863,-4.06588,Vélez-Málaga,España
654,669,681,1.8,1.15,0.29,2.16,3.66,1.78,3.1,3.14,1.4,1.15,3.94,1.31,45.87961,10.85896,Riva del Garda,Italia
655,671,683,2.0,2.43,3.19,3.27,1.49,0.32,0.04,0.32,1.23,3.47,4.75,4.51,37.27904,-8.24188,São Bartolomeu de Messines,Portugal
656,672,684,,,,,2.5,1.45,1.59,4.05,2.67,0.76,2.62,2.61,46.42258,15.85308,Ptuj,Slovenija
657,673,685,1.5,1.46,1.72,2.14,2.09,1.44,1.35,1.61,2.3,2.53,2.17,1.05,42.04229,2.40465,l'Esquirol,España
658,674,686,1.2,0.26,2.24,1.9,0.69,0.36,0.16,0.68,1.49,1.4,0.95,0.94,38.59583,-0.66696,Castalla,España
659,675,687,1.75,1.63,0.86,0.96,2.3,2.71,1.66,0.68,2.21,1.98,1.8,2.33,47.61606,1.51092,Chambord,France
660,676,688,1.94,1.31,1.01,0.89,1.92,3.11,1.27,0.98,2.22,2.06,1.4,2.15,48.07147,1.32427,Châteaudun,France
661,677,689,2.89,2.36,2.15,2.27,2.16,2.23,1.37,1.52,1.77,2.45,3.55,3.08,45.13589,-0.66431,Blaye,France
662,678,690,,,,,0.08,2.64,0.08,3.12,3.79,4.23,7.24,5.15,49.64244,-1.61778,Cherbourg-en-Cotentin,France
663,679,691,1.92,1.0,2.92,1.32,0.26,0.12,0.02,0.02,1.11,1.08,3.5,3.4,36.74466,-6.42693,Chipiona,España
664,680,692,,,,,0.34,0.62,0.03,1.78,5.96,0.71,4.04,2.79,43.85402,4.60863,Comps,France
665,681,693,1.95,1.67,1.42,1.3,1.63,1.88,2.37,2.29,1.87,1.71,1.67,1.86,53.04737,8.62435,Delmenhorst,Deutschland
666,682,694,,,,,0.0,7.51,0.2,1.73,3.25,1.56,3.12,2.02,46.51844,3.685,Dompierre-sur-Besbre,France
667,683,695,1.87,1.63,1.64,1.37,1.93,1.99,1.53,1.35,1.35,2.06,2.06,2.25,47.36676,0.7001,Tours,France
668,684,696,1.22,0.94,1.18,1.67,1.3,1.13,0.45,0.45,0.98,1.9,1.65,1.36,41.87573,-4.5421,Dueñas,España
669,685,697,2.38,2.36,1.36,1.8,2.19,4.42,1.16,0.88,2.05,1.03,2.71,3.08,44.67771,0.17821,Duras,France
670,686,698,,,,,3.65,3.69,2.98,1.5,2.98,1.86,2.04,1.62,46.32109,11.27422,Neumarkt - Egna,Italia
671,687,699,3.07,2.75,2.42,2.01,1.86,1.36,0.85,0.71,1.14,1.85,3.41,2.53,43.12844,-2.54642,Elorrio,España
672,688,700,5.1,3.68,1.25,5.58,8.0,3.36,3.14,3.95,4.02,5.11,6.56,4.3,46.27556,13.95919,Bohinjska Bistrica,Slovenija
673,689,701,2.34,2.38,1.79,1.75,2.63,4.26,1.97,1.0,3.36,1.46,2.3,2.85,46.33466,2.55863,Prémilhat,France
674,690,702,0.88,0.41,1.0,1.19,0.67,0.26,0.09,0.45,1.22,1.19,1.13,0.84,38.20814,-0.57419,Santa Pola,España
675,691,703,6.45,5.36,5.18,4.53,2.98,2.03,1.33,1.67,2.09,6.83,7.0,7.11,42.91107,-9.26357,Fisterra,España
676,692,704,3.0,3.36,1.74,0.75,2.88,2.06,1.52,1.47,1.39,4.19,6.67,2.91,58.29303,6.66331,Flekkefjord,Norge
677,693,705,2.97,2.48,2.34,2.82,3.52,2.54,2.09,2.12,2.17,2.26,3.2,2.58,42.96102,1.6111,Foix,France
678,694,706,0.64,1.25,0.41,2.1,1.26,0.62,0.57,1.58,3.68,3.78,3.19,2.42,43.92037,5.12466,Fontaine-de-Vaucluse,France
679,695,707,1.73,3.18,1.97,1.23,1.67,2.39,2.08,3.32,2.26,2.25,2.09,1.97,57.44935,14.10038,Skillingaryd,Sverige
680,696,708,2.4,2.3,2.06,2.03,3.57,2.97,3.31,3.32,2.06,2.7,2.45,2.57,48.40219,8.00692,Gengenbach,Deutschland
681,697,709,1.87,1.63,1.64,1.37,1.93,1.99,1.53,1.35,1.35,2.06,2.06,2.25,47.39252,0.19693,Gizeux,France
682,698,710,,,,,0.14,2.18,0.08,1.41,3.67,2.33,3.49,3.23,48.83506,-1.6098,Granville,France
683,699,711,1.89,1.8,1.91,1.51,1.94,1.92,1.68,1.86,1.59,2.37,2.69,2.34,48.98728,-0.95044,Torigny-les-Villes,France
684,700,712,2.17,2.11,1.67,1.22,1.95,2.48,2.67,2.29,2.15,1.98,1.96,2.14,53.5435,10.02664,Hamburg,Deutschland
685,701,713,3.85,1.83,1.48,1.34,2.4,3.01,2.11,1.37,3.6,3.49,3.32,3.65,49.41905,0.24127,Honfleur,France
686,702,714,5.47,4.65,4.09,3.89,3.76,3.3,2.82,3.42,3.49,4.66,7.39,4.89,43.0468,-2.21222,Beasain,España
687,703,715,,,,,0.08,0.01,0.02,0.62,0.62,0.22,3.33,0.75,37.07083,15.26211,Siracusa,Italia
688,704,716,2.68,1.54,1.47,1.15,2.07,3.09,1.88,1.26,1.97,2.98,2.69,3.14,49.32162,-1.10455,Isigny-sur-Mer,France
689,705,717,6.53,5.95,5.29,5.49,4.16,2.12,0.67,1.01,3.04,6.59,6.54,6.49,40.33355,-7.86769,Nogueira do Cravo,Portugal
690,706,718,1.13,2.05,1.17,1.48,3.2,3.06,3.84,4.24,2.8,1.61,1.98,1.47,47.34618,11.70344,Schwaz,Österreich
691,707,719,3.48,2.72,0.98,2.97,5.61,2.45,2.86,3.07,3.02,2.44,5.63,3.47,46.48741,13.77486,Podkoren,Slovenija
692,708,720,1.59,1.81,2.33,1.99,1.2,0.16,0.01,0.26,0.99,2.35,2.45,2.93,37.54655,-4.35238,Doña Mencía,España
693,709,721,0.66,0.74,1.8,1.79,1.12,0.76,0.64,0.96,1.74,1.16,1.86,0.7,41.66999,2.28767,la Garriga,España
694,711,723,3.85,1.83,1.48,1.34,2.4,3.01,2.11,1.37,3.6,3.49,3.32,3.65,49.40871,0.26809,La Rivière-Saint-Sauveur,France
695,712,724,,,,,0.16,2.12,0.43,0.98,2.28,2.91,3.71,3.36,48.55066,4.76828,Giffaumont-Champaubert,France
696,713,725,4.13,2.65,1.87,1.77,2.17,3.27,0.86,0.98,2.73,1.32,5.63,4.34,43.88531,-1.31959,Léon,France
697,714,727,5.76,4.76,4.21,2.59,3.9,3.13,3.88,3.32,2.99,3.66,4.41,5.58,48.55089,8.49376,Grömbach,Deutschland
698,715,728,4.15,3.64,3.29,2.97,2.28,2.12,1.76,1.76,2.84,3.48,6.32,4.48,43.38869,-4.21005,Alfoz de Lloredo,España
699,716,729,3.71,3.14,2.6,2.6,2.06,2.03,1.61,1.74,2.76,3.31,5.55,4.03,43.47226,-3.80283,Santander,España
700,717,730,1.62,1.57,1.78,1.9,0.96,0.1,0.01,0.1,0.97,2.35,2.35,2.28,38.27477,-5.81841,Berlanga,España
701,718,731,4.47,4.14,2.74,2.43,2.48,2.06,2.3,2.44,1.91,4.32,5.22,4.86,48.55991,-4.33531,Le Folgoët,France
702,719,732,,,,,0.02,1.79,0.07,0.45,3.92,2.74,6.88,4.75,49.21853,-1.53643,Lessay,France
703,720,733,4.8,3.98,3.92,3.12,5.8,5.89,6.5,6.97,5.01,3.9,3.82,4.86,47.60084,9.87574,Lindenberg im Allgäu,Deutschland
704,721,734,2.12,2.01,1.82,1.41,2.14,1.79,2.12,2.29,1.93,2.05,2.18,2.36,48.74658,6.05772,Liverdun,France
705,722,735,3.62,3.29,2.74,2.47,1.93,2.1,1.05,1.54,1.87,2.97,4.62,3.9,43.42392,-4.76797,Llanes,España
706,723,736,2.71,2.52,1.08,1.16,2.17,3.22,1.01,1.36,1.73,2.18,2.54,3.43,46.04692,-0.50656,Loulay,France
707,724,737,,,,,2.5,1.45,1.59,4.05,2.67,0.76,2.62,2.61,46.55944,15.65611,Maribor,Slovenija
708,725,738,1.58,1.73,2.61,1.59,0.7,0.02,0.0,0.08,0.75,1.83,2.58,2.65,36.71393,-4.3171,Málaga,España
709,726,739,2.41,1.7,0.87,2.59,1.5,0.44,0.51,1.07,3.47,1.11,5.0,4.65,43.09588,11.78748,Montepulciano,Italia
710,727,740,2.86,2.23,2.14,2.76,2.61,2.29,1.49,1.37,1.98,2.43,3.25,2.69,44.03867,-0.90964,Morcenx-la-Nouvelle,France
711,728,741,,,,,0.28,2.53,0.94,2.23,3.15,1.94,2.44,1.72,47.92328,7.16034,Murbach,France
712,729,742,3.09,2.43,2.06,2.32,3.26,3.42,3.04,3.09,2.27,2.44,2.66,3.38,47.55204,8.02434,Murg,Deutschland
713,730,743,3.07,2.75,2.42,2.01,1.86,1.36,0.85,0.71,1.14,1.85,3.41,2.53,42.81948,-2.79847,Nanclares de la Oca/Langraiz Oka,España
714,731,744,2.89,2.42,2.63,2.57,3.14,2.68,1.99,2.07,2.1,2.6,3.25,2.93,45.92572,1.17228,Nieul,France
715,732,745,6.03,4.46,4.71,4.79,3.13,2.03,1.29,1.64,2.22,7.01,7.07,7.06,42.45523,-8.92649,O Grove,España
716,733,746,2.97,2.48,2.34,2.82,3.52,2.54,2.09,2.12,2.17,2.26,3.2,2.58,42.55583,1.53273,Ordino,Andorra
717,734,747,1.93,1.85,2.3,2.33,1.25,0.19,0.03,0.06,1.07,2.08,2.57,2.39,37.23111,-5.097,Osuna,España
718,735,748,,,,,0.0,1.22,0.13,0.26,0.24,0.72,0.82,0.86,44.6405,8.64986,Ovada,Italia
719,736,749,1.22,1.01,1.28,1.4,1.39,1.44,0.98,0.58,0.96,1.16,1.59,0.98,42.50917,-2.442,Oyón/Oion,España
720,737,750,6.45,5.36,5.18,4.53,2.98,2.03,1.33,1.67,2.09,6.83,7.0,7.11,42.73239,-8.66132,Padrón,España
721,738,751,2.64,2.14,2.33,2.37,1.85,1.83,0.84,0.89,1.29,1.92,3.05,2.12,42.82093,-1.65645,Pamplona/Iruña,España
722,739,752,1.5,1.46,1.72,2.14,2.09,1.44,1.35,1.61,2.3,2.53,2.17,1.05,41.99033,2.80144,Girona,España
723,740,753,2.03,2.93,2.25,2.09,2.63,2.16,1.79,2.27,3.44,2.84,3.83,2.89,45.53797,13.73781,Koper / Capodistria,Slovenija
724,741,754,2.0,2.43,3.19,3.27,1.49,0.32,0.04,0.32,1.23,3.47,4.75,4.51,37.09265,-8.3116,Guia,Portugal
725,742,755,1.48,1.09,3.38,2.0,0.71,0.29,0.04,0.42,1.36,0.6,4.0,0.84,42.30594,3.00851,Peralada,España
726,743,756,0.94,0.66,0.92,2.06,0.89,1.59,0.68,0.23,1.1,0.84,0.82,1.04,41.99386,0.38891,Peralta de Calasanz,España
727,744,757,1.86,1.44,1.4,1.63,3.09,3.27,3.35,3.16,1.64,1.87,1.9,1.84,48.45525,9.228,Pfullingen,Deutschland
728,745,758,,,,,8.68,3.98,2.91,4.52,2.81,0.95,3.39,2.88,46.16554,12.0588,Sospirolo,Italia
729,746,759,1.84,2.22,0.9,0.67,0.13,0.02,0.0,0.39,0.34,1.05,1.83,1.9,28.378,-16.49928,La Orotava,España
730,747,760,1.35,1.41,0.89,2.26,2.5,3.16,2.14,1.44,2.26,3.85,4.3,3.18,45.06318,5.33642,Pont-en-Royans,France
731,749,762,0.75,0.87,1.27,1.57,1.27,0.7,0.5,1.02,2.47,2.39,1.76,0.8,41.09414,1.1538,Vila-seca,España
732,750,763,4.06,3.57,3.4,3.25,2.12,1.67,0.87,0.93,1.47,4.54,5.09,4.49,42.80666,-7.61765,Portomarín,España
733,751,764,2.3,0.0,,0.0,0.41,1.84,0.13,0.07,2.79,8.17,8.79,14.18,41.68343,-8.83278,Darque,Portugal
734,752,765,0.66,0.74,1.8,1.79,1.12,0.76,0.64,0.96,1.74,1.16,1.86,0.7,42.00446,2.03414,Prats de Lluçanès,España
735,753,766,1.93,1.85,2.3,2.33,1.25,0.19,0.03,0.06,1.07,2.08,2.57,2.39,37.22501,-5.30481,La Puebla de Cazalla,España
736,754,767,,,,,0.04,2.14,0.23,0.86,1.25,2.31,5.11,3.27,46.89428,-0.925,Les Épesses,France
737,755,768,,,,,0.04,2.39,0.09,1.39,1.97,3.62,6.51,5.17,47.86624,-3.54346,Quimperlé,France
738,756,769,,,,,0.34,0.62,0.03,1.78,5.96,0.71,4.04,2.79,43.93793,4.55855,Remoulins,France
739,757,770,3.62,3.29,2.74,2.47,1.93,2.1,1.05,1.54,1.87,2.97,4.62,3.9,43.46024,-5.05409,Ribeseya,España
740,758,771,1.48,1.09,3.38,2.0,0.71,0.29,0.04,0.42,1.36,0.6,4.0,0.84,42.26843,3.15566,Roses,España
741,759,772,1.87,1.63,1.64,1.37,1.93,1.99,1.53,1.35,1.35,2.06,2.06,2.25,47.32653,1.12528,Saint-Georges-sur-Cher,France
742,760,773,2.86,2.29,1.4,1.43,2.21,3.23,2.15,1.72,2.12,4.34,2.82,4.78,47.84533,-2.72433,Saint-Jean-Brévelay,France
743,761,774,2.1,2.53,1.4,2.18,2.21,4.26,1.58,1.01,1.93,1.34,2.57,3.41,45.11515,0.50034,Saint-Léon-sur-l'Isle,France
744,762,775,3.36,2.92,1.63,1.36,2.53,2.31,1.79,1.28,3.52,2.87,3.42,4.68,48.52209,-3.94572,Saint-Thégonnec Loc-Eguiner,France
745,763,776,6.53,5.95,5.29,5.49,4.16,2.12,0.67,1.01,3.04,6.59,6.54,6.49,40.48659,-8.47524,Sangalhos,Portugal
746,764,777,0.75,0.87,1.27,1.57,1.27,0.7,0.5,1.02,2.47,2.39,1.76,0.8,41.53689,1.38206,Santa Coloma de Queralt,España
747,765,778,1.22,1.01,1.28,1.4,1.39,1.44,0.98,0.58,0.96,1.16,1.59,0.98,42.6727,-2.34416,Campezo/Kanpezu,España
748,766,779,1.57,1.33,1.61,2.16,1.59,1.3,0.69,0.51,0.94,2.04,2.15,1.69,42.13004,-3.97253,Santa María del Campo,España
749,767,780,4.15,3.64,3.29,2.97,2.28,2.12,1.76,1.76,2.84,3.48,6.32,4.48,43.00362,-3.73907,Merindad de Valdeporres,España
750,768,781,,,,,2.48,2.95,0.6,2.66,4.01,8.01,1.78,2.64,45.78978,8.37226,Madonna del Sasso,Italia
751,769,782,2.89,2.36,2.15,2.27,2.16,2.23,1.37,1.52,1.77,2.45,3.55,3.08,44.5348,-0.34294,Sauternes,France
752,770,783,1.16,0.94,1.65,1.35,1.57,0.89,0.23,0.55,2.35,2.22,2.11,1.19,39.04136,-0.30753,Simat de la Valldigna,España
753,771,784,7.05,5.21,5.16,4.96,3.04,1.88,1.24,1.37,2.33,6.99,7.29,7.78,41.872,-8.26331,Soajo,Portugal
754,772,785,4.35,3.56,2.54,3.83,2.05,1.3,0.75,1.75,5.12,1.65,7.5,5.91,42.51822,12.51853,Narni,Italia
755,773,786,2.87,2.45,1.9,1.3,1.49,1.46,1.4,1.56,1.47,3.0,3.35,3.38,49.46392,-1.82792,Surtainville,France
756,775,788,,,,,8.68,3.98,2.91,4.52,2.81,0.95,3.39,2.88,46.29885,12.0119,Pèden,Italia
757,776,789,2.09,0.3,2.06,0.83,2.58,1.29,2.86,1.94,1.48,1.17,0.49,0.97,70.04081,22.95356,Talvik,Norge
758,777,790,0.67,0.61,0.96,0.64,0.4,0.1,0.01,0.09,0.53,0.76,0.8,1.13,37.34902,-2.44145,Tíjola,España
759,778,791,1.29,1.51,1.56,1.6,0.95,0.37,0.08,0.14,0.7,2.11,1.83,1.93,38.91907,-6.33623,Mérida,España
760,779,792,2.3,0.0,,0.0,0.41,1.84,0.13,0.07,2.79,8.17,8.79,14.18,41.44087,-8.28467,Guimarães,Portugal
761,780,793,4.06,3.46,3.7,3.39,5.45,4.91,4.88,4.75,4.12,5.05,4.37,4.69,47.8325,7.9557,Todtnau,Deutschland
762,781,794,1.5,1.46,1.72,2.14,2.09,1.44,1.35,1.61,2.3,2.53,2.17,1.05,41.70561,2.718,Tordera,España
763,782,795,1.75,1.63,0.86,0.96,2.3,2.71,1.66,0.68,2.21,1.98,1.8,2.33,47.53757,1.50013,Tour-en-Sologne,France
764,783,796,1.93,1.85,2.3,2.33,1.25,0.19,0.03,0.06,1.07,2.08,2.57,2.39,36.6707,-5.4499,Ubrique,España
765,784,797,,,,,0.74,2.83,0.48,1.86,3.55,2.76,3.17,4.31,45.74618,6.41794,Ugine,France
766,785,798,2.64,2.14,2.33,2.37,1.85,1.83,0.84,0.89,1.29,1.92,3.05,2.12,42.91417,-1.97361,Uharte Arakil,España
767,786,799,3.93,4.73,5.36,4.89,2.73,0.79,0.27,0.24,3.0,6.71,5.79,6.43,40.256,-7.6235,Unhais da Serra,Portugal
768,787,800,2.64,2.3,2.05,1.79,3.07,2.74,2.8,2.67,1.81,2.13,2.01,2.56,48.07728,8.36652,Unterkirnach,Deutschland
769,789,802,0.9,0.49,1.37,1.14,0.73,0.38,0.06,0.42,1.47,0.92,1.14,1.05,37.65238,-2.07382,Vélez-Rubio,España
770,790,803,6.03,4.46,4.71,4.79,3.13,2.03,1.29,1.64,2.22,7.01,7.07,7.06,42.59012,-8.76457,Vilagarcía de Arousa,España
771,791,804,1.51,2.01,0.74,1.07,1.08,1.57,0.32,0.67,1.38,1.66,1.72,1.35,52.48906,5.06037,Volendam,Nederland
772,792,805,2.71,2.52,1.08,1.16,2.17,3.22,1.01,1.36,1.73,2.18,2.54,3.43,46.57444,-0.77494,Vouvant,France
773,793,806,1.45,1.63,0.7,2.29,4.09,1.85,1.99,2.69,2.45,1.49,2.73,2.5,46.24086,15.15397,Žalec,Slovenija
774,794,807,1.49,1.17,1.2,1.5,2.65,2.96,2.68,3.07,1.55,1.46,1.41,1.57,48.46279,10.26936,Günzburg,Deutschland
775,795,808,1.92,1.69,2.09,1.76,0.93,0.21,0.02,0.09,0.98,2.45,2.79,2.41,36.71034,-6.12139,Jerez de la Frontera,España
776,796,809,,,,,0.0,0.76,0.11,1.67,2.54,0.91,3.43,4.25,43.84366,6.21885,Moustiers-Sainte-Marie,France
777,797,810,3.93,4.73,5.36,4.89,2.73,0.79,0.27,0.24,3.0,6.71,5.79,6.43,39.39422,-7.37375,Marvão,Portugal
778,798,811,1.64,2.52,1.96,1.08,2.74,3.11,3.68,4.04,2.29,2.05,2.49,1.9,46.58842,12.25619,Auronzo di Cadore,Italia
779,799,812,1.5,1.46,1.72,2.14,2.09,1.44,1.35,1.61,2.3,2.53,2.17,1.05,41.77989,3.02288,Sant Feliu de Guíxols,España
780,800,813,2.28,1.6,1.57,1.16,1.51,1.27,1.2,1.3,1.2,2.08,2.63,2.49,45.78266,-1.15228,Ronce-les-Bains,France
781,801,814,1.16,1.28,1.53,2.17,0.99,0.02,0.06,0.02,0.34,1.75,2.7,2.33,37.47011,-7.46406,Sanlúcar de Guadiana,España
782,802,815,0.48,0.52,5.85,3.5,0.94,0.21,0.01,0.08,0.7,0.41,1.68,3.49,36.71959,-3.36431,Castell de Ferro,España
783,803,816,2.27,1.42,1.35,3.39,3.48,4.81,3.26,1.6,2.86,2.68,3.0,3.82,45.64468,7.71746,Arnad,Italia
784,804,817,3.53,2.97,2.74,2.96,5.95,5.99,5.54,6.57,4.47,3.32,2.59,2.87,47.76311,11.55014,Bad Tölz,Deutschland
785,805,818,2.97,2.48,2.34,2.82,3.52,2.54,2.09,2.12,2.17,2.26,3.2,2.58,42.50068,0.79456,la Vall de Boí,España
786,806,819,3.63,3.35,2.95,3.19,2.58,2.4,1.28,1.65,1.88,3.13,4.88,3.39,43.15595,-5.97295,Quirós,España
787,807,820,,,,,0.14,2.18,0.08,1.41,3.67,2.33,3.49,3.23,48.42425,-1.57402,Bazouges-la-Pérouse,France
788,808,821,6.45,5.36,5.18,4.53,2.98,2.03,1.33,1.67,2.09,6.83,7.0,7.11,42.85971,-8.64876,Ames,España
789,809,822,2.89,2.42,2.63,2.57,3.14,2.68,1.99,2.07,2.1,2.6,3.25,2.93,46.10941,1.36995,Bessines-sur-Gartempe,France
790,810,823,,,,,0.12,3.46,0.22,0.84,2.6,3.38,3.24,3.57,49.79052,5.05737,Bouillon,België / Belgique / Belgien
791,811,824,4.15,3.64,3.29,2.97,2.28,2.12,1.76,1.76,2.84,3.48,6.32,4.48,43.35802,-3.81972,Penagos,España
792,812,825,0.9,0.49,1.37,1.14,0.73,0.38,0.06,0.42,1.47,0.92,1.14,1.05,37.38863,-1.61577,Águilas,España
793,813,826,1.43,1.11,1.04,1.7,0.82,0.3,0.08,0.42,1.3,1.48,2.66,1.71,39.21027,9.12765,Cagliari - Casteddu,Italia
794,814,827,0.84,0.46,1.27,1.26,0.75,0.35,0.05,0.45,1.49,0.96,1.07,1.04,38.002,-1.01922,Murcia,España
795,815,828,0.88,0.41,1.0,1.19,0.67,0.26,0.09,0.45,1.22,1.19,1.13,0.84,38.12092,-0.66,San Fulgencio,España
796,817,830,0.9,0.49,1.37,1.14,0.73,0.38,0.06,0.42,1.47,0.92,1.14,1.05,37.79279,-1.5104,Totana,España
797,818,831,0.58,0.67,0.72,1.03,1.96,2.34,2.78,2.46,1.68,1.12,1.0,0.8,-36.82772,139.8505,Kingston SE,Australia
798,819,832,2.36,2.07,1.78,1.6,1.33,1.21,0.65,0.6,1.11,2.54,2.61,2.71,43.01334,-6.60823,Cangas del Narcea,España
799,820,833,,,,,0.0,0.6,0.41,0.45,1.42,0.31,2.82,0.6,43.32683,2.52549,Caunes-Minervois,France
800,821,834,4.14,2.45,1.73,1.85,1.96,2.69,2.59,1.17,1.73,1.97,2.34,2.94,49.12089,5.03639,Clermont-en-Argonne,France
801,822,835,2.97,2.48,2.34,2.82,3.52,2.54,2.09,2.12,2.17,2.26,3.2,2.58,42.45352,1.48644,Aubinyà,Andorra
802,824,837,0.78,0.91,0.28,0.16,0.04,0.02,0.01,0.02,0.31,0.66,0.64,0.57,27.97589,-15.58812,Tejeda,España
803,825,838,3.18,3.63,1.34,3.94,6.09,2.04,2.63,3.27,6.91,2.9,4.66,5.92,45.7815,14.20557,Postojna,Slovenija
804,826,839,1.69,1.59,1.59,1.86,2.96,3.25,3.17,3.44,2.34,1.99,1.61,1.87,47.65805,9.16928,Konstanz,Deutschland
805,827,840,,,,,0.14,2.18,0.08,1.41,3.67,2.33,3.49,3.23,48.54753,-1.75498,Dol-de-Bretagne,France
806,828,841,2.55,2.9,1.96,2.63,3.12,5.46,1.85,1.07,2.87,1.43,3.2,3.77,45.40365,2.04749,Égletons,France
807,829,842,3.93,4.73,5.36,4.89,2.73,0.79,0.27,0.24,3.0,6.71,5.79,6.43,39.48151,-7.54972,Santiago Maior,Portugal
808,831,844,4.7,0.0,0.52,0.59,0.03,1.77,0.1,0.61,2.19,2.06,3.6,2.83,48.62166,-2.4727,Erquy,France
809,832,845,2.64,2.14,2.33,2.37,1.85,1.83,0.84,0.89,1.29,1.92,3.05,2.12,42.71085,-1.7773,Legarda,España
810,833,846,3.43,2.86,2.6,3.17,3.26,2.38,2.03,1.88,2.25,2.28,3.72,2.93,42.79635,0.43926,Loudervielle,France
811,834,847,4.15,3.64,3.29,2.97,2.28,2.12,1.76,1.76,2.84,3.48,6.32,4.48,43.03812,-4.37073,Hermandad de Campoo de Suso,España
812,835,848,1.83,1.47,1.24,1.24,2.2,2.22,2.5,1.96,1.38,1.63,1.62,2.11,49.16217,10.32481,Feuchtwangen,Deutschland
813,836,849,0.66,0.74,1.8,1.79,1.12,0.76,0.64,0.96,1.74,1.16,1.86,0.7,41.41314,2.22206,Sant Adrià de Besòs,España
814,837,850,,,,,0.0,1.1,0.7,0.05,1.95,6.58,8.14,10.1,41.08846,-6.81725,Freixo de Espada à Cinta,Portugal
815,838,851,,,,,1.06,3.3,0.43,0.74,4.05,1.16,2.43,3.38,51.70358,4.86345,Geertruidenberg,Nederland
816,839,852,1.79,1.55,1.81,2.39,1.37,0.69,0.5,0.63,1.08,2.55,2.46,1.35,42.52303,2.22168,Thuès-Entre-Valls,France
817,840,853,3.43,2.86,2.6,3.17,3.26,2.38,2.03,1.88,2.25,2.28,3.72,2.93,42.95668,-0.32885,Gourette,France
818,841,854,3.76,3.86,4.64,3.23,2.81,2.96,3.48,2.91,4.15,5.75,3.98,2.91,66.72461,13.69942,Meløy,Norge
819,842,855,3.63,3.35,2.95,3.19,2.58,2.4,1.28,1.65,1.88,3.13,4.88,3.39,43.24798,-5.90537,Riosa,España
820,843,856,,,,,1.54,4.43,0.77,3.53,5.21,2.82,6.34,5.47,45.65341,5.86018,Le Bourget-du-Lac,France
821,844,857,2.59,1.56,1.17,1.55,1.89,3.05,1.34,1.15,4.53,0.98,2.76,2.47,44.10563,0.88521,Valence,France
822,846,859,2.33,2.07,1.17,1.1,1.86,2.5,1.35,1.84,1.62,3.27,3.18,4.04,47.09514,-2.04974,La Bernerie-en-Retz,France
823,847,860,2.89,2.42,2.63,2.57,3.14,2.68,1.99,2.07,2.1,2.6,3.25,2.93,46.03356,1.29907,Razès,France
824,848,861,2.89,2.36,2.15,2.27,2.16,2.23,1.37,1.52,1.77,2.45,3.55,3.08,45.00618,-1.16871,Lacanau,France
825,849,862,4.06,3.57,3.4,3.25,2.12,1.67,0.87,0.93,1.47,4.54,5.09,4.49,43.2399,-7.55564,Cospeito,España
826,850,863,0.78,0.67,1.05,1.36,1.29,1.05,0.53,0.56,0.86,1.09,1.31,0.54,41.73708,-1.06557,Zaragoza,España
827,851,864,2.8,2.32,2.08,1.71,2.03,1.76,1.56,1.58,1.55,2.98,3.22,3.22,47.31979,-1.34787,Le Cellier,France
828,852,865,2.97,2.48,2.34,2.82,3.52,2.54,2.09,2.12,2.17,2.26,3.2,2.58,42.78471,1.68838,Les Cabannes,France
829,853,866,3.43,2.86,2.6,3.17,3.26,2.38,2.03,1.88,2.25,2.28,3.72,2.93,42.80155,0.4109,Loudenvielle,France
830,854,867,2.17,1.81,2.2,2.66,2.5,2.48,1.59,1.75,1.95,2.02,2.57,2.08,44.78422,1.89973,Leyme,France
831,856,869,1.77,0.83,1.01,1.91,1.54,0.31,0.06,0.24,1.13,0.45,5.05,2.16,42.81105,9.33364,Canari,France
832,857,870,6.45,5.36,5.18,4.53,2.98,2.03,1.33,1.67,2.09,6.83,7.0,7.11,42.84532,-8.58099,O Milladoiro,España
833,858,871,1.51,1.29,1.4,2.01,2.05,1.82,1.26,1.47,1.59,1.91,2.29,1.63,44.09492,3.0824,Millau,France
834,859,872,3.01,2.59,2.58,2.58,1.65,1.23,0.49,0.63,1.5,3.99,3.45,3.34,42.52787,-7.51178,Monforte de Lemos,España
835,860,873,3.43,3.22,1.66,2.33,2.51,6.17,1.89,1.36,3.95,1.89,3.32,4.0,44.70806,2.49686,Montsalvy,France
836,861,874,,,,,0.14,2.18,0.08,1.41,3.67,2.33,3.49,3.23,48.6123,-1.50788,Beauvoir,France
837,862,875,1.41,1.21,1.52,1.21,2.16,2.27,2.43,2.67,2.38,1.52,1.49,1.4,50.75566,11.75636,Neustadt an der Orla,Deutschland
838,863,876,1.31,0.97,0.28,0.86,1.8,0.18,0.75,1.11,0.53,0.94,1.43,0.62,58.50749,15.97696,Norsholm,Sverige
839,864,877,2.1,1.86,1.69,1.52,1.91,1.77,1.52,1.4,1.48,2.54,2.51,2.34,48.02292,-2.17146,Paimpont,France
840,865,878,1.43,1.2,1.33,1.74,1.59,1.07,0.59,0.52,0.79,1.83,1.8,1.25,40.92898,-4.05689,Palazuelos de Eresma,España
841,867,880,3.63,5.19,2.95,3.85,1.91,2.04,0.32,0.15,3.87,7.32,5.51,9.94,40.54961,-8.77067,Vagos,Portugal
842,868,881,1.31,1.62,0.89,1.41,1.62,1.36,0.6,2.19,0.82,2.96,1.0,1.0,63.23693,24.82099,Kivijärvi,Suomi / Finland
843,869,882,2.66,2.7,1.41,1.54,2.65,4.19,1.37,1.0,1.8,1.82,4.82,4.38,44.6403,-1.01969,Le Teich,France
844,870,883,1.38,0.97,1.16,1.85,1.29,0.88,0.37,0.29,0.94,1.99,1.73,1.37,41.29165,-4.68193,Olmedo,España
845,871,884,1.2,0.26,2.24,1.9,0.69,0.36,0.16,0.68,1.49,1.4,0.95,0.94,38.56002,-0.08362,Benidorm,España
846,872,885,,,,,0.32,3.64,0.78,1.33,3.8,0.67,7.02,2.43,42.90977,-0.61941,Accous,France
847,873,886,,,,,0.3,2.04,0.59,2.16,6.04,0.81,10.77,2.75,43.57624,-1.48635,Ondres,France
848,874,887,,,,,0.04,2.39,0.09,1.39,1.97,3.62,6.51,5.17,47.8539,-3.74346,Pont-Aven,France
849,875,888,6.03,4.46,4.71,4.79,3.13,2.03,1.29,1.64,2.22,7.01,7.07,7.06,42.38884,-8.49938,Ponte Caldelas,España
850,876,889,2.49,2.05,1.63,1.43,1.3,1.2,1.26,1.38,1.22,2.29,2.81,2.62,47.48831,-3.13681,Port Maria,France
851,877,890,1.08,0.79,2.79,1.52,0.64,0.34,0.24,0.24,1.04,0.58,3.94,0.82,43.01348,3.04088,Port-la-Nouvelle,France
852,878,891,1.52,2.15,2.21,2.24,1.21,0.43,0.08,0.12,0.98,3.11,2.56,2.47,38.96591,-5.96265,Medellín,España
853,879,892,1.65,2.06,2.08,1.76,1.76,1.58,1.57,1.42,2.58,2.16,2.54,1.81,43.93504,12.44485,Città di San Marino,San Marino
854,880,893,2.46,2.62,1.33,1.95,1.98,3.95,1.34,0.99,1.89,2.08,2.36,3.46,45.58037,0.04478,Roullet-Saint-Estèphe,France
855,881,894,2.1,1.86,1.69,1.52,1.91,1.77,1.52,1.4,1.48,2.54,2.51,2.34,48.41111,-1.36278,Maen-Roch,France
856,882,895,1.2,1.0,1.15,1.67,2.45,2.48,2.3,2.12,2.03,1.89,2.21,1.53,45.03578,3.09823,Saint-Flour,France
857,883,896,2.1,1.87,1.12,0.7,1.7,2.32,0.69,0.77,0.99,2.33,3.57,2.9,46.19932,-1.36506,Saint-Martin-de-Ré,France
858,884,897,3.46,2.94,1.42,0.97,1.79,2.13,1.28,0.92,2.1,2.82,3.64,4.15,48.68265,-3.97073,Saint-Pol-de-Léon,France
859,885,898,2.59,1.56,1.17,1.55,1.89,3.05,1.34,1.15,4.53,0.98,2.76,2.47,44.39669,0.80508,Saint-Sylvestre-sur-Lot,France
860,886,899,2.49,2.05,1.63,1.43,1.3,1.2,1.26,1.38,1.22,2.29,2.81,2.62,47.51153,-3.13893,Saint-Pierre-Quiberon,France
861,887,900,2.14,1.75,1.79,1.83,1.24,0.81,0.35,0.59,1.15,2.34,4.4,3.26,43.80279,7.74772,Sanremo,Italia
862,888,901,2.97,2.48,2.34,2.82,3.52,2.54,2.09,2.12,2.17,2.26,3.2,2.58,42.46602,1.49422,Sant Julià de Lòria,Andorra
863,889,902,2.28,1.6,1.57,1.16,1.51,1.27,1.2,1.3,1.2,2.08,2.63,2.49,46.02827,-1.38419,Saint-Denis-d'Oléron,France
864,890,903,2.1,1.87,1.12,0.7,1.7,2.32,0.69,0.77,0.99,2.33,3.57,2.9,46.35049,-1.43666,La Tranche-sur-Mer,France
865,891,904,0.92,1.21,1.46,1.51,1.01,0.22,0.12,0.45,1.28,1.74,2.49,1.56,40.0834,9.67794,Baunei,Italia
866,892,905,0.85,0.55,0.92,1.56,2.02,2.49,1.99,2.13,1.72,1.52,1.49,1.04,45.86873,3.48255,Thiers,France
867,893,906,2.1,2.06,1.85,1.49,2.54,2.09,1.95,2.46,2.01,2.19,2.42,2.35,48.67925,5.88781,Toul,France
868,894,907,,,,,0.06,0.55,0.1,0.5,1.6,1.05,2.31,4.16,43.78299,6.44211,Trigance,France
869,895,908,7.05,5.21,5.16,4.96,3.04,1.88,1.24,1.37,2.33,6.99,7.29,7.78,42.04335,-8.6465,Tui,España
870,896,909,1.13,0.79,1.55,1.98,1.85,0.79,0.67,0.87,2.04,2.06,2.6,0.87,40.87389,0.15556,Valderrobres,España
871,897,910,1.16,1.28,1.53,2.17,0.99,0.02,0.06,0.02,0.34,1.75,2.7,2.33,37.58107,-6.75165,Valverde del Camino,España
872,898,911,1.35,1.41,0.89,2.26,2.5,3.16,2.14,1.44,2.26,3.85,4.3,3.18,44.89777,5.36963,Vassieux-en-Vercors,France
873,899,912,0.67,0.61,0.96,0.64,0.4,0.1,0.01,0.09,0.53,0.76,0.8,1.13,37.55425,-2.60865,Cúllar,España
